"scenario","method","effect","scale","truth","reps","failed","extreme","bias","bias_mcse","emp_se","emp_se_mcse","mod_se","se_median","se_over3","se_max","rmse","rmse_mcse","coverage","coverage_mcse","width","width_mcse","width_median","seconds","outcome","exposure","interaction","errors","n"
"s01","cmaverse-gcomp","pnde","md",0.4,1000,0,0,0.000181058991578013,0.0069057859045477,0.218380124918569,0.00488557143924975,0.226698395030087,0.222652752361954,0,0.329769554610434,0.218270982640498,0.00476935359060297,0.947,0.00708456067798138,0.880951871132167,0.00318282320002786,0.87141463449057,7.984561,"continuous","binary",FALSE,"normal",100
"s01","lavaan-boot","pnde","md",0.4,1000,0,0,-0.00113672629928384,0.00662612451344213,0.209536455223521,0.00468772202371162,0.215058728387323,0.213176612313238,0,0.282616714049234,0.209434745656614,0.00458490442928984,0.949,0.00695693898205238,0.842867901768961,0.00265291688631668,0.838763524313091,19.914006,"continuous","binary",FALSE,"normal",100
"s01","lavaan-delta","pnde","md",0.4,1000,0,0,-0.00113672629928384,0.00662612451344213,0.209536455223521,0.00468772202371162,0.21035156619137,0.208904198098204,0,0.263678385995033,0.209434745656614,0.00458490442928984,0.944,0.00727076337120113,0.821793620348247,0.00213633566951459,0.818889408983399,0.0421810000000002,"continuous","binary",FALSE,"normal",100
"s01","medflex-impute","pnde","md",0.4,1000,0,0,-0.000547042719132673,0.00686042748192882,0.216945765653087,0.0048534821423704,0.224453390002834,0.221383502220131,0,0.30920851401037,0.216837955684207,0.00476538253300912,0.948,0.00702111102319284,0.874328240121189,0.0031113031571709,0.8678073822456,4.817377,"continuous","binary",FALSE,"normal",100
"s01","medflex-weight","pnde","md",0.4,1000,0,0,0.0108870913215442,0.00720139304489497,0.227728043479633,0.00509470184411328,0.238728117973248,0.228528631219197,0,0.639576730156425,0.227874374344107,0.0051120682851495,0.956,0.00648567652600714,0.922332820483508,0.00500432679099104,0.895815773251724,5.592341,"continuous","binary",FALSE,"normal",100
"s01","mediation-boot","pnde","md",0.4,1000,0,0,-0.000610792537571856,0.00688342127325034,0.217672893179273,0.00486974934377416,0.226235787830026,0.223212011326347,0,0.318907245501084,0.21756488688236,0.00477782967031023,0.956,0.00648567652600714,0.878952722795365,0.00316909711976801,0.870483332148017,5.955116,"continuous","binary",FALSE,"normal",100
"s01","mediation-qb","pnde","md",0.4,1000,0,0,-0.000815469663586367,0.00687183680910147,0.217306560257443,0.00486155379181714,0.228471155435932,0.226318047401912,0,0.302327838543936,0.217199410635856,0.00478363330025425,0.958,0.00634318531969546,0.88715852082082,0.00276304115856984,0.880127420741106,1.945093,"continuous","binary",FALSE,"normal",100
"s01","regmedint-delta","pnde","md",0.4,1000,0,0,-0.00112934712958629,0.00686831701858125,0.217195254708138,0.00485906367870397,0.225054584525397,0.222425360379122,0,0.298792178645481,0.217089567492324,0.0047537842464503,0.953,0.00669260786241059,0.87831086474116,0.00261720522413457,0.871891391182843,0.0104299999999995,"continuous","binary",FALSE,"normal",100
"s01","robmed-mm","pnde","md",0.4,1000,0,0,-0.00189688982088892,0.00761434595473378,0.240786761094481,0.00538684975746445,NA,NA,NA,NA,0.240673812960706,0.00525642190855103,0.93,0.00806845710157772,0.938261555666387,0.00485012216674731,0.938072207479837,0.086002999999999,"continuous","binary",FALSE,"normal",100
"s01","cmaverse-gcomp","tnie","md",0.2,1000,0,0,0.00311994761671612,0.00363380004837316,0.114910847144892,0.00257077036236892,0.123130896961711,0.116500228613077,0,0.256187800652562,0.114895745621395,0.00314749891328812,0.939,0.00756828910652864,0.464046251081145,0.00386166372828057,0.454578705939862,7.984561,"continuous","binary",FALSE,"normal",100
"s01","lavaan-boot","tnie","md",0.2,1000,0,0,0.00366319428728792,0.00325782712731115,0.103021539453866,0.00230478433406442,0.105124868733686,0.102288202345899,0,0.173217519147786,0.103035154904719,0.00272482368522653,0.941,0.00745110730026082,0.404845896159032,0.00275017267434316,0.402856286396872,19.914006,"continuous","binary",FALSE,"normal",100
"s01","lavaan-delta","tnie","md",0.2,1000,0,0,0.00366319428728792,0.00325782712731115,0.103021539453866,0.00230478433406442,0.100969788197761,0.0991314712258483,0,0.173509549400219,0.103035154904719,0.00272482368522653,0.923,0.00843036179532053,0.387195767241576,0.0025960166607732,0.388588226674263,0.0421810000000002,"continuous","binary",FALSE,"normal",100
"s01","medflex-impute","tnie","md",0.2,1000,0,0,0.00508313054794913,0.00373048946681428,0.117968435024002,0.00263917431634938,0.128016376488304,0.120661019055452,0,0.266402776852208,0.118018953251237,0.00319975266982747,0.943,0.00733150734842434,0.485369761372908,0.00403121746982704,0.472982503373173,4.817377,"continuous","binary",FALSE,"normal",100
"s01","medflex-weight","tnie","md",0.2,1000,0,0,-0.00656827840820471,0.00396078573794074,0.125251042558035,0.00280209985448983,0.140017870372182,0.123412349628999,0.002,0.411365937761676,0.125360592370412,0.00408357096448136,0.908,0.00913980306133562,0.512772142371026,0.00619276536737296,0.483767521040608,5.592341,"continuous","binary",FALSE,"normal",100
"s01","mediation-boot","tnie","md",0.2,1000,0,0,0.00311994761671612,0.00363380004837316,0.114910847144892,0.00257077036236892,0.123290902296872,0.117658274618148,0,0.252060158563177,0.114895745621395,0.00314749891328812,0.937,0.00768316341099159,0.464133567229757,0.0038693344360225,0.455187738889392,5.955116,"continuous","binary",FALSE,"normal",100
"s01","mediation-qb","tnie","md",0.2,1000,0,0,0.00318403023524037,0.00363308052566376,0.114888093838993,0.00257026132840124,0.122788253711578,0.118161524800368,0,0.221140220027839,0.114874770425843,0.0031366027443492,0.944,0.00727076337120113,0.463662330856955,0.00359415102556748,0.458406861804911,1.945093,"continuous","binary",FALSE,"normal",100
"s01","regmedint-delta","tnie","md",0.2,1000,0,0,0.00311994761671612,0.00363380004837316,0.114910847144892,0.00257077036236892,0.119053085830262,0.113694464289036,0,0.217643280192071,0.114895745621395,0.00314749891328812,0.924,0.00837997613361756,0.451558190170438,0.00372811950457736,0.445674110496173,0.0104299999999995,"continuous","binary",FALSE,"normal",100
"s01","robmed-mm","tnie","md",0.2,1000,0,0,0.00373744245632479,0.00369777332767756,0.116933859864812,0.00261602893692724,NA,NA,NA,NA,0.116935121034765,0.00297184224093699,0.936,0.0077397674383666,0.457855415170762,0.00373679975088379,0.451264918570815,0.086002999999999,"continuous","binary",FALSE,"normal",100
"s02","cmaverse-gcomp","pnde","logor",0.369467750712575,1000,0,0,0.0235928984526711,0.0145844881997163,0.461202012189523,0.0103179507719297,215299.714337444,0.579703925503831,0.01,3062398.13689676,0.461574710755491,0.0105152030346834,0.948,0.00702111102319284,1.84361788120106,0.00530090459726049,1.83315075393356,8.487143,"binary","binary",FALSE,"normal",100
"s02","medflex-impute","pnde","logor",0.369467750712575,1000,0,0,0.0247597732886948,0.0145149243879116,0.459002211309261,0.0102687371158946,0.47637817768983,0.466290070882734,0,1.28432439252385,0.459440304424973,0.0105663381195286,0.968,0.00556560868189635,1.85307640463846,0.00729553585145042,1.82782349055758,5.4639,"binary","binary",FALSE,"normal",100
"s02","medflex-weight","pnde","logor",0.369467750712575,1000,0,0,0.0352108607844773,0.014942717509707,0.472530217631533,0.0105713838945001,750297182157.216,0.477308368388219,0.001,23726480176230.5,0.473604609865142,0.010933388149382,0.968,0.00556560868189635,93006093252.5423,93006093250.6287,1.87101442312097,6.029825,"binary","binary",FALSE,"normal",100
"s02","mediation-boot","pnde","rd",0.0856763769037782,1000,0,0,0.00399103858942618,0.00327578953573857,0.103589560682794,0.00231749203030726,0.10219150579687,0.101289011799917,0,0.135889640683962,0.103614645076814,0.00225606598218442,0.94,0.00750999334220744,0.397648390017123,0.00104297800968234,0.396550745200016,6.147228,"binary","binary",FALSE,"normal",100
"s02","mediation-qb","pnde","rd",0.0856763769037782,1000,0,0,0.00155306987120828,0.00308442052091695,0.0975379410786058,0.00218210599226717,0.0971865485313666,0.0965114739375891,0,0.120328723416697,0.0975015298645543,0.00213594491924661,0.954,0.00662449998113065,0.379547342484023,0.000786418836505421,0.378140876035808,2.00171400000001,"binary","binary",FALSE,"normal",100
"s02","regmedint-delta","pnde","clogor",0.38618080131665,1000,0,0,0.0448502180245105,0.0165623003679686,0.523745924546256,0.0117171749550962,0.535531089244829,0.500153898264729,0.001,1.59850199249291,0.525401775541518,0.0130865657317463,0.957,0.00641490451994416,2.06283673125819,0.0123157911099775,1.96056725465236,0.0130129999999992,"binary","binary",FALSE,"normal",100
"s02","cmaverse-gcomp","tnie","logor",0.184064109847679,1000,0,0,-0.000868264903466303,0.0054195011659119,0.171379674662197,0.0038340835463381,0.213215231207188,0.194152296006452,0,0.46650036755997,0.171296163933626,0.005125041241432,0.948,0.00702111102319284,0.72871593947828,0.00654184839495703,0.709307419022554,8.487143,"binary","binary",FALSE,"normal",100
"s02","medflex-impute","tnie","logor",0.184064109847679,1000,0,0,0.00141286703542806,0.00551992047819416,0.174555212140994,0.00390512625325321,0.200509656682351,0.189722766410328,0,0.387219191337119,0.174473633414225,0.00529004468730965,0.967,0.00564898220921256,0.756339680692281,0.00676505552268334,0.743699578423096,5.4639,"binary","binary",FALSE,"normal",100
"s02","medflex-weight","tnie","logor",0.184064109847679,1000,0,0,-0.00788807834825972,0.00608619986683352,0.192462538742074,0.00430574660928689,0.218930320352819,0.195269479200287,0.001,0.621933317361616,0.192527942829745,0.00588976661546798,0.958,0.00634318531969546,0.806532101075715,0.00927814604708213,0.765442293024911,6.029825,"binary","binary",FALSE,"normal",100
"s02","mediation-boot","tnie","rd",0.0451770906628603,1000,0,0,-0.00177470228399967,0.00126918133698364,0.0401350378864601,0.000897895790124733,0.0436716126381395,0.0416319202423116,0,0.0910721312397445,0.0401542029316767,0.00116530150632415,0.947,0.00708456067798138,0.166467763709529,0.00143425779994292,0.164049706233032,6.147228,"binary","binary",FALSE,"normal",100
"s02","mediation-qb","tnie","rd",0.0451770906628603,1000,0,0,-0.00522378716197011,0.00117760848042169,0.0372392499006233,0.000833111602081053,0.0403378666183886,0.0387952095116247,0,0.0830854023593525,0.0375854083886483,0.0010439532388077,0.944,0.00727076337120113,0.153646146192329,0.00129400789093231,0.151727961493835,2.00171400000001,"binary","binary",FALSE,"normal",100
"s02","regmedint-delta","tnie","clogor",0.192705508870897,1000,0,0,0.0261723658227375,0.00691743003200988,0.218748344560027,0.00489380920065019,0.21777541954976,0.194874121739671,0,0.596715748838569,0.220199864083209,0.0081116928765408,0.923,0.00843036179532053,0.793300398198844,0.00997577804860947,0.763892520257257,0.0130129999999992,"binary","binary",FALSE,"normal",100
"s03","cmaverse-gcomp","pnde","md",0.4,1000,0,0,0.00316101791077707,0.00369791711697393,0.116938406881609,0.00261613066218911,0.117681355032069,0.116022722550057,0,0.175935146001752,0.116922660110165,0.00281196777787712,0.934,0.00785136930732467,0.455598740402497,0.00199868549441997,0.453261164018698,8.22036899999999,"continuous","continuous",FALSE,"normal",100
"s03","lavaan-boot","pnde","md",0.4,1000,0,0,0.00351388911032567,0.00364751974536016,0.115344702057755,0.00258047650743066,0.115414579633532,0.113803082697897,0,0.166564811542107,0.115340553619181,0.00271198098423853,0.935,0.0077958322198467,0.451106417611525,0.00197158896186135,0.449585396040638,19.576048,"continuous","continuous",FALSE,"normal",100
"s03","lavaan-delta","pnde","md",0.4,1000,0,0,0.00351388911032567,0.00364751974536016,0.115344702057755,0.00258047650743066,0.112112178090559,0.110545523197861,0,0.154649568902457,0.115340553619181,0.00271198098423853,0.936,0.0077397674383666,0.437072260994796,0.00145096042625757,0.433330488239891,0.0418819999999964,"continuous","continuous",FALSE,"normal",100
"s03","medflex-impute","pnde","md",0.4,1000,0,0,0.00179625398487625,0.00381251921852838,0.120562443537149,0.00269720713371189,0.122215401323852,0.119220455397993,0,0.17923835729156,0.120515534339913,0.0029678503797637,0.948,0.00702111102319284,0.474411239000139,0.0021099359745799,0.46733559760106,3.186953,"continuous","continuous",FALSE,"normal",100
"s03","medflex-weight","pnde","md",0.4,1000,0,0,0.0346633425451722,0.00427692054971265,0.135248103086714,0.00302575277809529,0.128444647756973,0.122777590904146,0,0.252025328683162,0.139553948907115,0.00328769942873171,0.903,0.00935900635751467,0.494423925799018,0.00300998592078523,0.481279312561437,3.816775,"continuous","continuous",FALSE,"normal",100
"s03","mediation-boot","pnde","md",0.4,1000,0,0,0.00360232031266228,0.00368834384352347,0.116635673393939,0.00260935794841024,0.11751565598609,0.115777867660031,0,0.182423290006781,0.11663298478297,0.00276876483227863,0.934,0.00785136930732467,0.455723647046687,0.0019868442475848,0.453769933278183,6.10992,"continuous","continuous",FALSE,"normal",100
"s03","mediation-qb","pnde","md",0.4,1000,0,0,0.00352617302373896,0.00369102289611016,0.116720392475392,0.00261125327256055,0.116848010602069,0.115386506592479,0,0.158590831634281,0.116715295766164,0.00279654030963609,0.938,0.00762600813007697,0.453211867751513,0.00154917814995593,0.450204807258112,1.974788,"continuous","continuous",FALSE,"normal",100
"s03","regmedint-delta","pnde","md",0.4,1000,0,0,0.00313554710063735,0.00369039953579552,0.116700680091419,0.00261081226969836,0.116335862856282,0.114951962810453,0,0.159332652853618,0.116684452009196,0.00279160573413274,0.94,0.00750999334220744,0.453506134852557,0.00151532288209301,0.450603414121352,0.0108350000000055,"continuous","continuous",FALSE,"normal",100
"s03","robmed-mm","pnde","md",0.4,1000,0,0,0.00301869523765033,0.00407981119514025,0.129014958000969,0.0028863056758511,NA,NA,NA,NA,0.128985762972281,0.00309793902863726,0.934,0.00785136930732467,0.505340925652851,0.00349335622458251,0.500111278257808,0.0890289999999982,"continuous","continuous",FALSE,"normal",100
"s03","cmaverse-gcomp","tnie","md",0.2,1000,0,0,-0.00401086884512214,0.00237675010936195,0.0751594377463803,0.00168145705833215,0.0780744485537683,0.0755599820154116,0,0.129593588539057,0.0752288455990283,0.00162294789145765,0.934,0.00785136930732467,0.298673347621822,0.00194288036694439,0.294377742513837,8.22036899999999,"continuous","continuous",FALSE,"normal",100
"s03","lavaan-boot","tnie","md",0.2,1000,0,0,-0.00310291468322513,0.00205170269685027,0.0648805360355683,0.00145149882086011,0.0679484004410426,0.0659861041864377,0,0.109432746993884,0.0649222808582523,0.00138396336698063,0.948,0.00702111102319284,0.262237415241666,0.00155082852942053,0.25943656248242,19.576048,"continuous","continuous",FALSE,"normal",100
"s03","lavaan-delta","tnie","md",0.2,1000,0,0,-0.00310291468322513,0.00205170269685027,0.0648805360355683,0.00145149882086011,0.0654597450691097,0.0641801699209075,0,0.0980979299223788,0.0649222808582523,0.00138396336698063,0.941,0.00745110730026082,0.252993298986307,0.00135591251743183,0.251581643133279,0.0418819999999964,"continuous","continuous",FALSE,"normal",100
"s03","medflex-impute","tnie","md",0.2,1000,0,0,-0.00425568085145168,0.00252825159839318,0.0799503354888375,0.00178863839265753,0.0851010875796399,0.081381655648831,0,0.144175813009994,0.0800235896979278,0.00184544754778205,0.933,0.00790638982089803,0.32607694639114,0.00222736689817158,0.319010228147899,3.186953,"continuous","continuous",FALSE,"normal",100
"s03","medflex-weight","tnie","md",0.2,1000,0,0,-0.0251626036088583,0.00266386379309315,0.0842387696262986,0.00188457867728232,0.0792818591070408,0.0718699379836608,0.001,0.261992601912354,0.0878762240780803,0.00218209928314029,0.861,0.0109397897603199,0.297439792275826,0.0028498049385053,0.281724980038205,3.816775,"continuous","continuous",FALSE,"normal",100
"s03","mediation-boot","tnie","md",0.2,1000,0,0,-0.00401086884512214,0.00237675010936195,0.0751594377463803,0.00168145705833215,0.0781160802765982,0.0756644081287367,0,0.128479408815334,0.0752288455990283,0.00162294789145765,0.932,0.00796090447122687,0.29862191432552,0.00195043223089693,0.294060591128009,6.10992,"continuous","continuous",FALSE,"normal",100
"s03","mediation-qb","tnie","md",0.2,1000,0,0,-0.0039518392318914,0.00237909029593151,0.0752334409434759,0.00168311264812668,0.0775066207999875,0.0760184049700615,0,0.131519342972357,0.0752995856487537,0.0016331727919717,0.942,0.00739161687318817,0.296718704545022,0.00174112807094231,0.295342814813518,1.974788,"continuous","continuous",FALSE,"normal",100
"s03","regmedint-delta","tnie","md",0.2,1000,0,0,-0.00401086884512214,0.00237675010936195,0.0751594377463803,0.00168145705833215,0.0764184746724448,0.0748458933353938,0,0.128629212847822,0.0752288455990283,0.00162294789145765,0.929,0.00812151463706124,0.294429208302087,0.0017457481973978,0.293390510656197,0.0108350000000055,"continuous","continuous",FALSE,"normal",100
"s03","robmed-mm","tnie","md",0.2,1000,0,0,-0.00350033788013959,0.00230018649968767,0.0727382838218321,0.00162729132109663,NA,NA,NA,NA,0.072786121209247,0.00170814351137962,0.944,0.00727076337120113,0.299226041907342,0.00229668391898156,0.294126994317908,0.0890289999999982,"continuous","continuous",FALSE,"normal",100
"s04","cmaverse-gcomp","pnde","logor",0.369467750712575,1000,0,0,0.0542583304919984,0.0092990626262019,0.29406218003345,0.00657872042462955,0.410323840540227,0.354454930966629,0.008,3.20565806466136,0.298881347005928,0.00698714839266826,0.929,0.00812151463706124,1.17768794904013,0.00631469323721686,1.1560031675856,8.643308,"binary","continuous",FALSE,"normal",100
"s04","medflex-impute","pnde","clogor",0.38618080131665,1000,0,0,0.0963135642679191,0.0110018440974635,0.347908858100641,0.00778337122589473,5.20584138808213,0.385462300096666,0.138,91.4421917083203,0.360826600506861,0.0154524180544154,0.992,0.00281709069786544,5.69805260598047,0.619953813425231,1.51098445117487,5.135997,"binary","continuous",FALSE,"normal",100
"s04","medflex-weight","pnde","clogor",0.38618080131665,1000,0,0,0.148041788126668,0.0122896982586386,0.38863438253503,0.00869447730342496,388350482236.151,0.420342628315652,0.138,12280720542910,0.415694620649386,0.0146087449052545,0.987,0.00358203852575597,48139539950.9029,48139539936.5952,1.64771282533117,5.000176,"binary","continuous",FALSE,"normal",100
"s04","mediation-boot","pnde","rd",0.0856763769037782,1000,0,0,0.0127502828057151,0.00218145365351669,0.0689836215520854,0.00154329251050916,0.0689426751186143,0.0670048570755579,0,0.114785026200667,0.0701181218660669,0.00161837643649744,0.926,0.00827792244467173,0.265300891319184,0.00144343966792894,0.261758982202196,6.25660099999999,"binary","continuous",FALSE,"normal",100
"s04","mediation-qb","pnde","rd",0.0856763769037782,1000,0,0,0.0115079725236736,0.00204212548694716,0.0645776780663348,0.00144472332219608,0.0614877102811713,0.0599728648154132,0,0.10766342695388,0.0655632493058448,0.00147994757713095,0.943,0.00733150734842434,0.236760125597584,0.00110736876898103,0.23329439416935,1.99468599999999,"binary","continuous",FALSE,"normal",100
"s04","regmedint-delta","pnde","clogor",0.38618080131665,1000,0,0,0.0930980398353438,0.0106878032996635,0.337978016107998,0.0075611997346702,0.320665566396617,0.305191998357807,0,0.757681342455062,0.350402847097608,0.00834937693115741,0.954,0.00662449998113065,1.23833185816753,0.00682601001097126,1.19633065030222,0.0131770000000047,"binary","continuous",FALSE,"normal",100
"s04","cmaverse-gcomp","tnie","logor",0.184064109847679,1000,0,0,-0.00193644382058216,0.00429264018334037,0.135745201549183,0.00303687379953275,0.154798461547415,0.145533854469174,0,0.321630900337695,0.135691130139575,0.00340954111301906,0.952,0.00675988165576884,0.5775855437127,0.00412819310086395,0.560444151496166,8.643308,"binary","continuous",FALSE,"normal",100
"s04","medflex-impute","tnie","clogor",0.192705508870897,1000,0,0,0.00470339085315212,0.00507545261341084,0.160499904146323,0.00359068275096917,0.190168124277609,0.179596974579988,0,0.360428495172553,0.160488569366374,0.00428233704658588,0.981,0.00431729081716764,0.724657078119612,0.00553095644797457,0.704007203818263,5.135997,"binary","continuous",FALSE,"normal",100
"s04","medflex-weight","tnie","clogor",0.192705508870897,1000,0,0,-0.0107962333158075,0.00549402135959767,0.173736210099436,0.00388680364727242,90661152280.3478,0.166698981650538,0.001,2866957365012.67,0.173984611626503,0.00465601830628434,0.952,0.00675988165576884,11238266361.9528,11238266361.2727,0.653448000589115,5.000176,"binary","continuous",FALSE,"normal",100
"s04","mediation-boot","tnie","rd",0.0451770906628603,1000,0,0,-0.00168693403607283,0.00102285078135832,0.0323453817557518,0.000723626627452734,0.0347945650646554,0.0331516407572755,0,0.062230690562268,0.0323731871098051,0.000820071435869574,0.951,0.00682634602111555,0.133913863597742,0.000945634979913416,0.13141805241731,6.25660099999999,"binary","continuous",FALSE,"normal",100
"s04","mediation-qb","tnie","rd",0.0451770906628603,1000,0,0,-0.0049902002147229,0.000950473675782911,0.0300566167150642,0.000672422676918747,0.0315582176123618,0.0303018860768352,0,0.0527074577999731,0.0304532248921349,0.000750720051291134,0.943,0.00733150734842434,0.121555327050152,0.000799802517355107,0.118796741511243,1.99468599999999,"binary","continuous",FALSE,"normal",100
"s04","regmedint-delta","tnie","clogor",0.192705508870897,1000,0,0,0.0230949221954743,0.00541558050416755,0.171255692451725,0.00383130983262819,0.171089088576482,0.163247585971735,0,0.30181296471551,0.172721044219104,0.00485643583801893,0.955,0.00655553201502365,0.650096661129354,0.0052136547274359,0.639918778135414,0.0131770000000047,"binary","continuous",FALSE,"normal",100
"s05","cmaverse-gcomp","pnde","md",0.445,1000,0,0,-0.00189773076987459,0.00732958772972685,0.231781915359595,0.00518539453275655,0.233426247716082,0.229505385399358,0,0.358570498301873,0.231673768073879,0.00518933084292024,0.944,0.00727076337120113,0.906294671468812,0.00333649924507502,0.899679600890631,8.017638,"continuous","binary",TRUE,"normal",100
"s05","lavaan-boot","pnde","md",0.445,1000,0,0,0.0743709450132356,0.00708843739929924,0.22415607233306,0.00501479017531087,0.218818625848553,0.216306104540927,0,0.33099174042992,0.236065110258128,0.0052664374776929,0.916,0.00877177291087725,0.856295912446112,0.00277713576821283,0.850715504723305,19.997641,"continuous","binary",TRUE,"normal",100
"s05","lavaan-delta","pnde","md",0.445,1000,0,0,0.0743709450132356,0.00708843739929924,0.22415607233306,0.00501479017531087,0.213063090042021,0.212154735893409,0,0.284720362317844,0.236065110258128,0.0052664374776929,0.909,0.00909499862561837,0.832569974752111,0.00209218406687505,0.831631283001377,0.0425690000000059,"continuous","binary",TRUE,"normal",100
"s05","medflex-impute","pnde","md",0.445,1000,0,0,-0.00227936738343228,0.00721631623916281,0.228199956318148,0.00510525941608337,0.230142751908073,0.22614219845045,0,0.357810313063921,0.228097216903692,0.00496519092626956,0.941,0.00745110730026082,0.896005331377901,0.00332377861670019,0.886461128695183,4.785906,"continuous","binary",TRUE,"normal",100
"s05","medflex-weight","pnde","md",0.445,1000,0,0,0.0189740148693496,0.0077464740625128,0.24496501872958,0.00548032518786582,0.253753812853433,0.237205396370255,0,0.65236651180517,0.245576598602238,0.00555900989353686,0.939,0.00756828910652864,0.974862532432435,0.00625328780123085,0.929828067648497,5.604175,"continuous","binary",TRUE,"normal",100
"s05","mediation-boot","pnde","md",0.445,1000,0,0,-0.00317662056013691,0.00726619104011502,0.229777136006714,0.00514054387268808,0.233097887129979,0.230254913077903,0,0.36217093515286,0.229684186694251,0.00505022870492232,0.95,0.00689202437604511,0.905902408702314,0.00330979862745949,0.901143787932991,5.95480799999999,"continuous","binary",TRUE,"normal",100
"s05","mediation-qb","pnde","md",0.445,1000,0,0,-0.00269695187864711,0.0072215122305316,0.228364267992428,0.00510893537525454,0.234723163030807,0.232619218574962,0,0.328771966478445,0.228265990034121,0.00496688721392092,0.946,0.00714730718522718,0.913095408361944,0.00277909182734426,0.910133982473731,1.93738699999999,"continuous","binary",TRUE,"normal",100
"s05","regmedint-delta","pnde","md",0.445,1000,0,0,-0.00300059434053387,0.00721467013749836,0.22814790201295,0.00510409486401224,0.229230462472566,0.227630443062612,0,0.312743106657104,0.228053540411269,0.00495944879921573,0.945,0.00720936890441875,0.894997507281379,0.00253147116495505,0.892294940375231,0.0105280000000093,"continuous","binary",TRUE,"normal",100
"s05","robmed-mm","pnde","md",0.445,1000,0,0,0.0754583681218588,0.00774211346560554,0.244827124547732,0.00547724023736161,NA,NA,NA,NA,0.256074883409151,0.0058093052213402,0.922,0.00848033018225116,0.952542854136729,0.00510078354636072,0.948709500972869,0.0837169999999787,"continuous","binary",TRUE,"normal",100
"s05","cmaverse-gcomp","tnie","md",0.35,1000,0,0,-0.00335281589267213,0.00506984748719881,0.160322654492296,0.00358671734501634,0.171826728021732,0.168203102881583,0,0.276854523492377,0.160277545415204,0.00366530538684175,0.957,0.00641490451994416,0.658915461644653,0.00401065052149397,0.654054946687731,8.017638,"continuous","binary",TRUE,"normal",100
"s05","lavaan-boot","tnie","md",0.35,1000,0,0,-0.0796398357445014,0.00392535187051342,0.124130525284247,0.00277703178938067,0.131252820762791,0.128785046507188,0,0.201729427472001,0.147429584403698,0.00266067525382362,0.892,0.00981509042240569,0.508596971053109,0.00304601184042551,0.507489078684787,19.997641,"continuous","binary",TRUE,"normal",100
"s05","lavaan-delta","tnie","md",0.35,1000,0,0,-0.0796398357445014,0.00392535187051342,0.124130525284247,0.00277703178938067,0.126353291268216,0.124671132242296,0,0.199170534394217,0.147429584403698,0.00266067525382362,0.853,0.0111978122863352,0.487305196091451,0.00280346842655904,0.488701858213461,0.0425690000000059,"continuous","binary",TRUE,"normal",100
"s05","medflex-impute","tnie","md",0.35,1000,0,0,-0.00099575498508893,0.00521332371181915,0.164859771091118,0.00368822112096672,0.177972596380403,0.173072669818533,0,0.3985866006317,0.164780329251042,0.00387232707958522,0.962,0.00604615580348373,0.683670555843259,0.00439489687323258,0.678432399105033,4.785906,"continuous","binary",TRUE,"normal",100
"s05","medflex-weight","tnie","md",0.35,1000,0,0,-0.020872294597998,0.00558537419158581,0.176625040297328,0.00395143217659909,0.191997577123047,0.170944160447295,0.001,0.550239256100286,0.177766310466743,0.00472057507495214,0.926,0.00827792244467173,0.713033454870649,0.00762057880164991,0.670088795688271,5.604175,"continuous","binary",TRUE,"normal",100
"s05","mediation-boot","tnie","md",0.35,1000,0,0,-0.00335281589267213,0.00506984748719881,0.160322654492296,0.00358671734501634,0.172171309862003,0.168429278742815,0,0.279391198381841,0.160277545415204,0.00366530538684175,0.956,0.00648567652600714,0.659915937951998,0.00405095855454168,0.654525706497059,5.95480799999999,"continuous","binary",TRUE,"normal",100
"s05","mediation-qb","tnie","md",0.35,1000,0,0,-0.00348033275251748,0.00507788058269245,0.160576683276511,0.00359240044357384,0.171339693132108,0.16663666043569,0,0.269071471117462,0.160534105588006,0.00366673372049554,0.956,0.00648567652600714,0.658343029143434,0.00385819350194763,0.653914323982336,1.93738699999999,"continuous","binary",TRUE,"normal",100
"s05","regmedint-delta","tnie","md",0.35,1000,0,0,-0.00335281589267212,0.00506984748719881,0.160322654492296,0.00358671734501634,0.168687270944669,0.16556335743232,0,0.271041979860961,0.160277545415204,0.00366530538684175,0.954,0.00662449998113065,0.650061079386905,0.00383095125917701,0.64899643545376,0.0105280000000093,"continuous","binary",TRUE,"normal",100
"s05","robmed-mm","tnie","md",0.35,1000,0,0,-0.0784108599446632,0.00439873874105715,0.139100332537622,0.00311193434883031,NA,NA,NA,NA,0.159617720090304,0.00316640612552516,0.903,0.00935900635751467,0.570484484085278,0.00408478885577475,0.56444060094714,0.0837169999999787,"continuous","binary",TRUE,"normal",100
"s06","cmaverse-gcomp","pnde","logor",0.434530633250415,1000,0,0,0.0262301534056131,0.0137886779060461,0.436036281055469,0.00975494634411275,396371.01582304,0.564578247620573,0.018,5316392.15150331,0.436606838821805,0.0101454005194868,0.951,0.00682634602111555,1.80634689501485,0.00564723715124947,1.78735654609749,8.51340699999999,"binary","binary",TRUE,"normal",100
"s06","medflex-impute","pnde","logor",0.434530633250415,1000,0,0,0.0296918740047878,0.0137816661630098,0.435814550271844,0.00974998581217749,0.46876049041779,0.455967124751588,0,1.14781214638314,0.436607369713725,0.0102229627374908,0.973,0.00512552436341883,1.82086691789624,0.0078062726653302,1.78735828529479,5.455189,"binary","binary",TRUE,"normal",100
"s06","medflex-weight","pnde","logor",0.434530633250415,1000,0,0,0.0459088117404823,0.0141292169654469,0.446805071655047,0.00999586431138736,0.486154111146825,0.46804559050057,0,1.14236596468781,0.448935135938409,0.0106266217578853,0.976,0.00483983470792134,1.88357759932928,0.00915806934498352,1.8347050010078,5.992274,"binary","binary",TRUE,"normal",100
"s06","mediation-boot","pnde","rd",0.101515643610063,1000,0,0,0.00322021666426582,0.00310610392728112,0.0982236305940235,0.00219744614794281,0.100826056616747,0.100370578814895,0,0.128590319592999,0.0982273053729406,0.00225034094716007,0.953,0.00669260786241059,0.392070974942973,0.00103531241214884,0.39090858681306,6.14296300000002,"binary","binary",TRUE,"normal",100
"s06","mediation-qb","pnde","rd",0.101515643610063,1000,0,0,0.000845882278250495,0.00293617742473893,0.0928500827654264,0.00207722984250464,0.0961589751732789,0.0956393311733233,0,0.117947870393631,0.0928075010357765,0.00210696758071959,0.956,0.00648567652600714,0.375036707038422,0.00077977539543522,0.374050466334945,1.98898700000001,"binary","binary",TRUE,"normal",100
"s06","regmedint-delta","pnde","clogor",0.451099943453182,1000,0,0,0.252056693895132,0.0177805664339024,0.562270880190692,0.0125790501970167,0.590444190666636,0.516109522379027,0.005,2.19553933960858,0.61592610847816,0.0178293930612381,0.955,0.00655553201502365,2.22061623331743,0.0206444655418695,2.02311215188212,0.0142129999999916,"binary","binary",TRUE,"normal",100
"s06","cmaverse-gcomp","tnie","logor",0.297934003915237,1000,0,0,0.00276618580105276,0.00585338790557099,0.185100378100869,0.00414104131949346,0.231538293069305,0.21780538390485,0,0.478936586157347,0.18502848323163,0.00475098622300964,0.952,0.00675988165576884,0.780889420931036,0.00625218153648609,0.770145610824893,8.51340699999999,"binary","binary",TRUE,"normal",100
"s06","medflex-impute","tnie","logor",0.297934003915237,1000,0,0,0.00330368525204252,0.00602591135788494,0.190556048691944,0.00426309486457523,0.217558241308072,0.208649786859046,0,0.412583862398727,0.190489397137054,0.00502217756658259,0.955,0.00655553201502365,0.827627988400349,0.00650873773565606,0.817892135251379,5.455189,"binary","binary",TRUE,"normal",100
"s06","medflex-weight","tnie","logor",0.297934003915237,1000,0,0,-0.0126613437837589,0.00632467454548558,0.200003770230247,0.00447445804852215,0.229913881017449,0.211399762656441,0,0.524796059356712,0.200304309051547,0.00601710147712244,0.943,0.00733150734842434,0.858258947429621,0.00870122850564827,0.828671842293881,5.992274,"binary","binary",TRUE,"normal",100
"s06","mediation-boot","tnie","rd",0.0739603125523154,1000,0,0,-0.00107355172637885,0.00140344464144915,0.0443808163693768,0.000992881788054964,0.0476791402188598,0.0462234169557533,0,0.0836682707817361,0.0443716093697303,0.00110787280541361,0.947,0.00708456067798138,0.181069862035715,0.00135831319282576,0.180217860706583,6.14296300000002,"binary","binary",TRUE,"normal",100
"s06","mediation-qb","tnie","rd",0.0739603125523154,1000,0,0,-0.00628541992072426,0.00130855478041903,0.0413801354922565,0.000925750950040156,0.0449850528430212,0.0440875883862075,0,0.0789218098164228,0.0418343136829563,0.00098232362358552,0.946,0.00714730718522718,0.170825164463372,0.00126920306744796,0.171042371691049,1.98898700000001,"binary","binary",TRUE,"normal",100
"s06","regmedint-delta","tnie","clogor",0.315251907081195,1000,0,0,0.0742923494352768,0.00864963079295602,0.273525342252693,0.00611927299024612,0.275761177566569,0.244607865693434,0.001,0.832510418518147,0.283303106100537,0.0105836493820897,0.945,0.00720936890441875,1.00689215477618,0.0124421084150928,0.958845214188683,0.0142129999999916,"binary","binary",TRUE,"normal",100
"s07","cmaverse-gcomp","pnde","md",0.445,1000,0,0,-0.00214743212430954,0.00402622198164658,0.127320318274398,0.00284839341872131,0.125200902647132,0.123160479275614,0,0.192663921900803,0.127274759661046,0.00288822054456224,0.941,0.00745110730026082,0.485834987295441,0.00186954438721978,0.481801065695055,7.998116,"continuous","continuous",TRUE,"normal",100
"s07","lavaan-boot","pnde","md",0.445,1000,0,0,-0.00300659395442785,0.00432681574681254,0.136825927758101,0.00306105166417086,0.134738738696926,0.131456012055499,0,0.202058744815946,0.136790543458109,0.00321187178892474,0.935,0.0077958322198467,0.526502607278015,0.00229980877224427,0.520590539781172,19.220945,"continuous","continuous",TRUE,"normal",100
"s07","lavaan-delta","pnde","md",0.445,1000,0,0,-0.00300659395442785,0.00432681574681254,0.136825927758101,0.00306105166417086,0.123338795245495,0.121674673573827,0,0.171882326354229,0.136790543458109,0.00321187178892474,0.912,0.00895857131466843,0.481161902550735,0.00149585806123153,0.476955956070736,0.0407250000000049,"continuous","continuous",TRUE,"normal",100
"s07","medflex-impute","pnde","md",0.445,1000,0,0,-0.00217499300551015,0.00403182611177584,0.127497536429523,0.00285235811998483,0.125958084638078,0.123507126153817,0,0.190820040650158,0.127452331357162,0.00296724852111191,0.934,0.00785136930732467,0.489652214071069,0.00200760140425906,0.484139038191053,3.17124600000001,"continuous","continuous",TRUE,"normal",100
"s07","medflex-weight","pnde","md",0.445,1000,0,0,0.0335670549080432,0.0046816158689054,0.148045692757293,0.00331205877141374,0.136420859583342,0.129794190505383,0,0.279506590908894,0.151731199138616,0.00355813453713066,0.893,0.00977501918156686,0.52540934392923,0.00315010176665742,0.508783877586163,3.774566,"continuous","continuous",TRUE,"normal",100
"s07","mediation-boot","pnde","md",0.445,1000,0,0,-0.00240046932444452,0.00402693992682929,0.127343021694523,0.00284890133665101,0.124918681093712,0.12306911444552,0,0.186314097263726,0.127301968492617,0.00290997698376029,0.938,0.00762600813007697,0.484255085924358,0.00187963644179717,0.478366802093619,5.96074300000002,"continuous","continuous",TRUE,"normal",100
"s07","mediation-qb","pnde","md",0.445,1000,0,0,-0.00322795165788014,0.00390185663828037,0.123387540804137,0.00276040983828881,0.124537369482828,0.122828569027163,0,0.166437720174154,0.123368068852408,0.00281600954332104,0.942,0.00739161687318817,0.48408682785357,0.00151870764942662,0.479713878662319,1.91849699999999,"continuous","continuous",TRUE,"normal",100
"s07","regmedint-delta","pnde","md",0.445,1000,0,0,-0.0026696503471226,0.00391005410237469,0.123646767379892,0.00276620922115515,0.120402691607056,0.118564736233199,0,0.165513625841871,0.12361375972516,0.00283642563056525,0.939,0.00756828910652864,0.469797651275653,0.00143100689638585,0.464765225707123,0.0104919999999793,"continuous","continuous",TRUE,"normal",100
"s07","robmed-mm","pnde","md",0.445,1000,0,0,-0.000745809569165992,0.00491948435034903,0.155567754606567,0.00348034135000823,NA,NA,NA,NA,0.155491739905916,0.00398246409423943,0.92,0.00857904423581089,0.60391234021991,0.00446735266422065,0.591002452428329,0.0872260000000069,"continuous","continuous",TRUE,"normal",100
"s07","cmaverse-gcomp","tnie","md",0.35,1000,0,0,-0.00401602298179242,0.00302709568568079,0.0957251706202045,0.0021415509299382,0.0979921899715814,0.0947466355671667,0,0.172430309972937,0.095761544591591,0.00210956349698729,0.949,0.00695693898205238,0.376152400725664,0.00215239318269098,0.370201805759168,7.998116,"continuous","continuous",TRUE,"normal",100
"s07","lavaan-boot","tnie","md",0.35,1000,0,0,-0.153532035304299,0.00246477409579756,0.0779430006050233,0.00174373056058706,0.0760135205602303,0.072722175500025,0,0.151873902898775,0.172165972528406,0.00212479263965353,0.493,0.0158098387088547,0.29193673908653,0.00203203541681072,0.286642182489766,19.220945,"continuous","continuous",TRUE,"normal",100
"s07","lavaan-delta","tnie","md",0.35,1000,0,0,-0.153532035304299,0.00246477409579756,0.0779430006050233,0.00174373056058706,0.0700940516685695,0.0682186630429074,0,0.111056866208496,0.172165972528406,0.00212479263965353,0.388,0.0154096073927923,0.270233628560367,0.00157204060278442,0.267412245275144,0.0407250000000049,"continuous","continuous",TRUE,"normal",100
"s07","medflex-impute","tnie","md",0.35,1000,0,0,-0.00350714447755184,0.0032824523616156,0.103800257737039,0.00232220571709968,0.105701936284333,0.101081681182827,0,0.198384249344414,0.103807606056377,0.00234919797194995,0.931,0.00801492358042171,0.406398176773943,0.00255499133007366,0.396232909230202,3.17124600000001,"continuous","continuous",TRUE,"normal",100
"s07","medflex-weight","tnie","md",0.35,1000,0,0,-0.0589197076347869,0.00332780564043289,0.105234454341232,0.00235429137494206,0.0968459582636436,0.0885749247379528,0,0.254940280964233,0.120560142824589,0.0024207015076696,0.8,0.0126491106406735,0.365697073099209,0.00322402849955814,0.347207324839467,3.774566,"continuous","continuous",TRUE,"normal",100
"s07","mediation-boot","tnie","md",0.35,1000,0,0,-0.00401602298179243,0.00302709568568079,0.0957251706202045,0.0021415509299382,0.0978528070369424,0.0947371953404598,0,0.169275004707033,0.095761544591591,0.00210956349698729,0.943,0.00733150734842434,0.375738934054792,0.00214973771190403,0.369714205028369,5.96074300000002,"continuous","continuous",TRUE,"normal",100
"s07","mediation-qb","tnie","md",0.35,1000,0,0,-0.00410563794044198,0.00303081007270708,0.095842629851349,0.00214417871241231,0.0973255098848507,0.0955109127298713,0,0.143176484137025,0.0958826373751988,0.00211683747670527,0.944,0.00727076337120113,0.374476423295086,0.00178560132175887,0.371375010568504,1.91849699999999,"continuous","continuous",TRUE,"normal",100
"s07","regmedint-delta","tnie","md",0.35,1000,0,0,-0.00401602298179242,0.00302709568568079,0.0957251706202045,0.0021415509299382,0.0965545365483536,0.0946788529422732,0,0.14521910293303,0.095761544591591,0.00210956349698729,0.946,0.00714730718522718,0.374347000113304,0.00176627361094688,0.371134283728839,0.0104919999999793,"continuous","continuous",TRUE,"normal",100
"s07","robmed-mm","tnie","md",0.35,1000,0,0,-0.152356778907116,0.00275683380775481,0.0871787396305998,0.00195035129963346,NA,NA,NA,NA,0.175513875775929,0.00237332842630526,0.588,0.0155645751628498,0.338288640862249,0.00276935520301031,0.328928602501641,0.0872260000000069,"continuous","continuous",TRUE,"normal",100
"s08","cmaverse-gcomp","pnde","logor",0.434530633250415,1000,0,0,0.0526781787112598,0.00859353815208386,0.271751537201394,0.00607958965688117,0.46336954372827,0.340839158306366,0.007,7.22043978095514,0.276676778182928,0.0070058662441775,0.936,0.0077397674383666,1.13719350130088,0.00634247288508277,1.11413743819535,8.69478800000001,"binary","continuous",TRUE,"normal",100
"s08","medflex-impute","pnde","clogor",0.451099943453182,1000,0,0,0.0750283725494226,0.00983112427702977,0.310887446755903,0.00695513307934172,5.38577303846647,0.375052856451782,0.138,90.3790588423737,0.319661712179092,0.0085779775309521,0.994,0.00244213021765835,5.90301907595318,0.64130767149252,1.47018018188873,5.116058,"binary","continuous",TRUE,"normal",100
"s08","medflex-weight","pnde","clogor",0.451099943453182,1000,0,0,0.140443460029625,0.0116106462044047,0.367160871123078,0.00821407472973033,509789990399.559,0.416985272340366,0.114,16120974980179.8,0.392933408663181,0.0113794718505721,0.989,0.00329833291224522,63193060722.2494,63193060713.6387,1.63455223174149,4.973637,"binary","continuous",TRUE,"normal",100
"s08","mediation-boot","pnde","rd",0.101515643610063,1000,0,0,0.0115810412674257,0.00202384303801791,0.0639995362681133,0.00143178920990779,0.0668335732954137,0.0651453069022701,0,0.114557149629307,0.0650074243354468,0.00161690000824286,0.942,0.00739161687318817,0.257489273700653,0.00135990976780675,0.253976491224981,6.27201400000002,"binary","continuous",TRUE,"normal",100
"s08","mediation-qb","pnde","rd",0.101515643610063,1000,0,0,0.00952378598760328,0.00190347920659663,0.0601932977161556,0.00134663654151661,0.0601814716294515,0.058836749319699,0,0.0933553957478969,0.0609123333684851,0.00148077639420636,0.954,0.00662449998113065,0.232386027405472,0.00104553947894665,0.229348064960603,2.00331899999999,"binary","continuous",TRUE,"normal",100
"s08","regmedint-delta","pnde","clogor",0.451099943453182,1000,0,0,0.294091615469234,0.0132898635606208,0.420262386444368,0.0094020548480278,0.398895562393831,0.34063470331973,0.002,2.94510078585255,0.512770641979199,0.0300972862538931,0.95,0.00689202437604511,1.46079034359498,0.0176459302408403,1.33526350078231,0.0134189999999871,"binary","continuous",TRUE,"normal",100
"s08","cmaverse-gcomp","tnie","logor",0.297934003915237,1000,0,0,0.00363290524978728,0.00444260476219895,0.140487497924594,0.0031429678304653,0.155366254699241,0.149378696268938,0,0.289624905879672,0.140464224401068,0.00333970438730739,0.945,0.00720936890441875,0.573278428969513,0.00368946614359377,0.559593015298672,8.69478800000001,"binary","continuous",TRUE,"normal",100
"s08","medflex-impute","tnie","clogor",0.315251907081195,1000,0,0,0.0177810053966475,0.00536390520272596,0.169621575938412,0.00379475159286703,0.197497446081186,0.187559021797454,0,0.37094369957771,0.170466629278936,0.00425129363277558,0.976,0.00483983470792134,0.755099926773221,0.00540383322992395,0.735217855397146,5.116058,"binary","continuous",TRUE,"normal",100
"s08","medflex-weight","tnie","clogor",0.315251907081195,1000,0,0,-0.0182202969492318,0.00576379956945203,0.182267346161663,0.00407766110147302,212327015300.664,0.174433517005106,0.001,6714369771355.19,0.183085071243553,0.00493885904311906,0.93,0.00806845710157772,26319845862.1941,26319845861.4805,0.683766822053325,4.973637,"binary","continuous",TRUE,"normal",100
"s08","mediation-boot","tnie","rd",0.0739603125523154,1000,0,0,-0.000710948931124645,0.00107793604977661,0.0340873308929873,0.000762597284497083,0.0350432649756396,0.0338025657884191,0,0.0582539512967192,0.0340776998880978,0.000792875208694114,0.949,0.00695693898205238,0.134875991662683,0.000851333540467724,0.132675561107991,6.27201400000002,"binary","continuous",TRUE,"normal",100
"s08","mediation-qb","tnie","rd",0.0739603125523154,1000,0,0,-0.00590164933212129,0.00101301818754911,0.032034447838308,0.000716670454737274,0.0331502542922205,0.0322258793271112,0,0.0514806828640753,0.0325577810560901,0.000747907239080464,0.932,0.00796090447122687,0.128051582164825,0.00076204186373483,0.126287592675197,2.00331899999999,"binary","continuous",TRUE,"normal",100
"s08","regmedint-delta","tnie","clogor",0.315251907081195,1000,0,0,0.073424702918827,0.00682577680894196,0.215850015162126,0.00482896815646999,0.206346247659882,0.191728500729612,0.001,0.648343960468856,0.227894328176816,0.00918855602695962,0.949,0.00695693898205238,0.780266096147612,0.00674453368183153,0.751561912479803,0.0134189999999871,"binary","continuous",TRUE,"normal",100
"s09","cmaverse-gcomp","pnde","md",0.4,1000,0,0,-0.00383559767751028,0.00709525376926357,0.224371624877677,0.00501961248849541,0.225981490081459,0.205970654827912,0.001,0.724158138888225,0.224292209480718,0.00554446382708784,0.936,0.0077397674383666,0.852804739166938,0.00708257956571722,0.806571655804329,7.98701100000005,"continuous","binary",FALSE,"t3",100
"s09","lavaan-boot","pnde","md",0.4,1000,0,0,-0.00484646970254521,0.00671533786883799,0.212357629231091,0.00475083695764471,0.211843337303099,0.19346914540877,0,0.597248886155735,0.212306747887425,0.0051807684244031,0.941,0.00745110730026082,0.807814496400315,0.00642679351508819,0.765136961449967,20.208445,"continuous","binary",FALSE,"t3",100
"s09","lavaan-delta","pnde","md",0.4,1000,0,0,-0.00484646970254521,0.00671533786883799,0.212357629231091,0.00475083695764471,0.207158758518487,0.190757142087552,0.001,0.642697062891016,0.212306747887425,0.0051807684244031,0.936,0.0077397674383666,0.787886696303496,0.00622046997020875,0.747754256570783,0.0425370000000003,"continuous","binary",FALSE,"t3",100
"s09","medflex-impute","pnde","md",0.4,1000,0,0,-0.00416010587943749,0.0070602458815359,0.223264578264768,0.00499484578724014,0.224315377866728,0.204068152120979,0.001,0.706781241783262,0.223191691863217,0.00550532074548053,0.942,0.00739161687318817,0.849235775321091,0.00721244234589011,0.79993245709752,4.800134,"continuous","binary",FALSE,"t3",100
"s09","medflex-weight","pnde","md",0.4,1000,0,0,-0.0155417459876857,0.00951790066489552,0.300982446443009,0.00673353971477854,0.273019305095613,0.223172327307097,0.006,1.20983344153168,0.301233113223127,0.0169015332799166,0.92,0.00857904423581089,0.981722055228389,0.01348205772593,0.87481944773579,5.63102599999999,"continuous","binary",FALSE,"t3",100
"s09","mediation-boot","pnde","md",0.4,1000,0,0,-0.00404199580835206,0.00702957708533064,0.222294745773726,0.00497314882227662,0.226457811141205,0.205366466011569,0.001,0.678995528552345,0.222220333846211,0.00550339775585016,0.939,0.00756828910652864,0.853448238077397,0.0071607171978179,0.806092461138053,5.94971600000002,"continuous","binary",FALSE,"t3",100
"s09","mediation-qb","pnde","md",0.4,1000,0,0,-0.0044083487903847,0.00708334968111949,0.22399518455765,0.00501119081515498,0.227557453527915,0.210629448150733,0.002,0.703191476753779,0.223926555819912,0.00558406269777825,0.941,0.00745110730026082,0.860991800099481,0.00698234618140929,0.819660235575339,1.92717799999998,"continuous","binary",FALSE,"t3",100
"s09","regmedint-delta","pnde","md",0.4,1000,0,0,-0.00405223066049155,0.00707813105041565,0.223830156964736,0.00500749883954626,0.223491173703945,0.206419232565505,0.001,0.677344163648465,0.223754910115995,0.00554923675075886,0.939,0.00756828910652864,0.849257344362688,0.0068048285631649,0.809148523089575,0.010274999999956,"continuous","binary",FALSE,"t3",100
"s09","robmed-mm","pnde","md",0.4,1000,0,0,-0.00500989671895329,0.00529057072296089,0.167302536067601,0.00374287033781444,NA,NA,NA,NA,0.167293895588604,0.00379893510074786,0.931,0.00801492358042171,0.647839055987391,0.00380744112867427,0.635462271299096,0.0841510000000089,"continuous","binary",FALSE,"t3",100
"s09","cmaverse-gcomp","tnie","md",0.2,1000,0,0,-0.00470991509124294,0.00362645495261638,0.114678574822658,0.00256557399651804,0.127317175448653,0.11193769329152,0.001,0.538716492846625,0.114717948238274,0.00310791903838387,0.941,0.00745110730026082,0.468052898745507,0.0052540058842698,0.440367209029014,7.98701100000005,"continuous","binary",FALSE,"t3",100
"s09","lavaan-boot","tnie","md",0.2,1000,0,0,-0.00409360888175574,0.00306282298223224,0.0968549669376331,0.00216682658459155,0.104133207239101,0.0952330329174892,0.002,0.373525651137752,0.0968930408726359,0.00241835924261745,0.95,0.00689202437604511,0.393271155192042,0.00356716687204395,0.375750671273866,20.208445,"continuous","binary",FALSE,"t3",100
"s09","lavaan-delta","tnie","md",0.2,1000,0,0,-0.00409360888175574,0.00306282298223224,0.0968549669376331,0.00216682658459155,0.100774232872111,0.0943455396852204,0.001,0.386769984110957,0.0968930408726359,0.00241835924261745,0.932,0.00796090447122687,0.38073689767397,0.00333127945390039,0.369827719770053,0.0425370000000003,"continuous","binary",FALSE,"t3",100
"s09","medflex-impute","tnie","md",0.2,1000,0,0,-0.00306320877492574,0.00368547136965078,0.116544837794368,0.00260732578632089,0.131573537998429,0.117202997360833,0.001,0.530615660506604,0.116526819939866,0.00304925347276338,0.944,0.00727076337120113,0.486915746569367,0.00538044012902737,0.459427307414752,4.800134,"continuous","binary",FALSE,"t3",100
"s09","medflex-weight","tnie","md",0.2,1000,0,0,0.00817665437344265,0.00740427941424792,0.234143873813208,0.0052382359567001,0.198353083499879,0.124171653188378,0.009,1.18564271661444,0.234169570968036,0.0206705646898843,0.871,0.0105999528300837,0.617006766958969,0.0149692791532179,0.486743936300038,5.63102599999999,"continuous","binary",FALSE,"t3",100
"s09","mediation-boot","tnie","md",0.2,1000,0,0,-0.00470991509124295,0.00362645495261638,0.114678574822658,0.00256557399651804,0.127464808837914,0.11316527176538,0.001,0.541618916416652,0.114717948238274,0.00310791903838387,0.942,0.00739161687318817,0.468884111550945,0.00530124722534822,0.443126171995197,5.94971600000002,"continuous","binary",FALSE,"t3",100
"s09","mediation-qb","tnie","md",0.2,1000,0,0,-0.00464545742266838,0.00363214282251519,0.114858441061807,0.00256959794036917,0.12576867824641,0.11439713806078,0.001,0.380334134641811,0.114894948959174,0.00311000150270398,0.95,0.00689202437604511,0.468021827172965,0.00466577397057638,0.447106932288369,1.92717799999998,"continuous","binary",FALSE,"t3",100
"s09","regmedint-delta","tnie","md",0.2,1000,0,0,-0.00470991509124295,0.00362645495261638,0.114678574822658,0.00256557399651804,0.121871165817889,0.110547553465325,0.001,0.392872671255165,0.114717948238274,0.00310791903838387,0.922,0.00848033018225116,0.454470481527035,0.00465838985863974,0.433338446742105,0.010274999999956,"continuous","binary",FALSE,"t3",100
"s09","robmed-mm","tnie","md",0.2,1000,0,0,-0.000877502477159293,0.00240104437265771,0.0759276898072849,0.00169864429241905,NA,NA,NA,NA,0.0758947895180507,0.0018275305330355,0.953,0.00669260786241059,0.317595943573311,0.00308706828519427,0.305395479262738,0.0841510000000089,"continuous","binary",FALSE,"t3",100
"s10","cmaverse-gcomp","pnde","logor",0.371667608962379,1000,0,0,-0.00699423892540488,0.0142427234655183,0.450394462349645,0.0100761656880276,1209537164911.14,0.59195571159806,0.011,38248923557414.7,0.450223539946166,0.0110857659252846,0.95,0.00689202437604511,1.86074545116415,0.00602871434543271,1.84384553612413,8.48628699999997,"binary","binary",FALSE,"t3",100
"s10","medflex-impute","pnde","logor",0.371667608962379,1000,0,0,0.0013019755825893,0.01441215286647,0.455752290445698,0.0101960303136764,0.491073918434908,0.477116993593627,0.001,1.40118240820235,0.455526217946531,0.0108861152213412,0.972,0.0052168956286282,1.90485648127859,0.00878210137511027,1.87026424771107,5.54644699999999,"binary","binary",FALSE,"t3",100
"s10","medflex-weight","pnde","logor",0.371667608962379,1000,0,0,0.014446072997335,0.0152131724732757,0.481082754525284,0.0107627201252895,1734142007102.35,0.494053051358292,0.003,39481157947721,0.481059107709206,0.0112735328518195,0.968,0.00556560868189635,303951791995.309,214854976872.43,1.93665237422874,6.06151699999999,"binary","binary",FALSE,"t3",100
"s10","mediation-boot","pnde","rd",0.0861047825993948,1000,0,0,-0.00265456790619058,0.00318641389694921,0.100763254823725,0.00225426228726724,0.103715618971754,0.102947492861646,0,0.145690711269277,0.10074783878534,0.00229664896194081,0.947,0.00708456067798138,0.402928677281328,0.00118472566928481,0.402026584207439,6.16835199999998,"binary","binary",FALSE,"t3",100
"s10","mediation-qb","pnde","rd",0.0861047825993948,1000,0,0,-0.00410631289053345,0.00302116224005156,0.0955375385945931,0.00213735325093349,0.098359597283013,0.0978636602347961,0,0.128550423369291,0.0955780082706666,0.00216242067831185,0.955,0.00655553201502365,0.383251240347692,0.000881039441082468,0.382651092101202,1.997125,"binary","binary",FALSE,"t3",100
"s10","regmedint-delta","pnde","clogor",0.388827491022998,1000,0,0,-0.0136928735771767,0.0190360161235226,0.601971685260205,0.0134672313876593,0.670411100270924,0.512470565927809,0.01,4.97935607245827,0.601826415781126,0.0304360646664674,0.959,0.00627048642451286,2.3222871551056,0.038918989671236,2.00884770471073,0.0128179999999993,"binary","binary",FALSE,"t3",100
"s10","cmaverse-gcomp","tnie","logor",0.185276004809576,1000,0,0,-0.000568617484753304,0.0062214158920723,0.196738444901168,0.00440140661962698,0.410724842142449,0.219007370885044,0.004,10.5508612484207,0.196640873198508,0.00609302370938866,0.947,0.00708456067798138,0.817772334627296,0.00740284602066491,0.791466123986894,8.48628699999997,"binary","binary",FALSE,"t3",100
"s10","medflex-impute","tnie","logor",0.185276004809576,1000,0,0,0.00452953546252553,0.00627208227832253,0.198340656714773,0.00443725109164154,0.220636047489144,0.206112019911454,0,0.499804059144332,0.198293201551258,0.00620149903734941,0.976,0.00483983470792134,0.8324263697233,0.00742525513735045,0.807944271614502,5.54644699999999,"binary","binary",FALSE,"t3",100
"s10","medflex-weight","tnie","logor",0.185276004809576,1000,0,0,-0.00555909895190271,0.00759416335807794,0.240148531349191,0.00537257136552549,1248503837756.57,0.223834191236466,0.006,39481157947721,0.240092793255486,0.00806258232206065,0.961,0.00612200947402077,154763295291.906,154763295290.94,0.87741390666425,6.06151699999999,"binary","binary",FALSE,"t3",100
"s10","mediation-boot","tnie","rd",0.0454633538780183,1000,0,0,-0.00187040272789408,0.00144881637429456,0.0458155965411782,0.00102498050139515,0.0486236889019964,0.046221383548004,0,0.103732905935737,0.0458308654064279,0.00129986431967949,0.939,0.00756828910652864,0.186433241896499,0.00160617150313344,0.183147909644019,6.16835199999998,"binary","binary",FALSE,"t3",100
"s10","mediation-qb","tnie","rd",0.0454633538780183,1000,0,0,-0.00567550485825505,0.00133863778859944,0.042331443739452,0.000947033493056167,0.0445650034202994,0.0425927015457217,0,0.0846346021596884,0.0426892320536854,0.00121855486058503,0.931,0.00801492358042171,0.169360793492363,0.0015095871796435,0.166890414423178,1.997125,"binary","binary",FALSE,"t3",100
"s10","regmedint-delta","tnie","clogor",0.194222580362012,1000,0,0,0.0305180340769709,0.00812342203555214,0.256885160271461,0.0057470010270272,0.248133390881681,0.217052553268029,0.001,0.818901073213028,0.258564007522411,0.0115098913312356,0.928,0.00817410545564467,0.892097181142244,0.012263370205364,0.850830374315596,0.0128179999999993,"binary","binary",FALSE,"t3",100
"s11","cmaverse-gcomp","pnde","md",0.4,1000,0,0,-0.00223270528135745,0.00380667477710302,0.120377626071593,0.00269307242167464,0.122598233168424,0.107614882171327,0.005,0.735193492435234,0.120338136343584,0.00324112273752058,0.938,0.00762600813007697,0.450120453739695,0.00485886883241478,0.420535697079116,8.03872099999999,"continuous","continuous",FALSE,"t3",100
"s11","lavaan-boot","pnde","md",0.4,1000,0,0,-0.00154337272693901,0.00376923488581758,0.119193672753482,0.00266658517372329,0.12065491610535,0.105230357375834,0.005,0.75332238702283,0.119144057729347,0.00325145180942083,0.937,0.00768316341099159,0.444849858129312,0.00503871813696389,0.417265340313593,19.419138,"continuous","continuous",FALSE,"t3",100
"s11","lavaan-delta","pnde","md",0.4,1000,0,0,-0.00154337272693901,0.00376923488581758,0.119193672753482,0.00266658517372329,0.119017833085353,0.10353643516814,0.005,0.801622318495293,0.119144057729347,0.00325145180942083,0.94,0.00750999334220744,0.436466088711016,0.00521395760485672,0.405855368034441,0.0414180000000051,"continuous","continuous",FALSE,"t3",100
"s11","medflex-impute","pnde","md",0.4,1000,0,0,-0.00293983560845806,0.00392782119661327,0.12420861223186,0.00277877874030478,0.128317667458188,0.112481443183054,0.005,0.801361088095604,0.124181295719672,0.00329696224258794,0.962,0.00604615580348373,0.472710906373453,0.00543865494926693,0.440919155135749,3.22446799999999,"continuous","continuous",FALSE,"t3",100
"s11","medflex-weight","pnde","md",0.4,1000,0,0,-0.0111838387369508,0.00563462305272075,0.178182426030886,0.00398627380544514,0.149177085626826,0.126239314456802,0.001,0.68097924811405,0.178444126320258,0.00548934913427765,0.819,0.0121753439376471,0.545586082757996,0.0066579594572702,0.494849019536718,3.849785,"continuous","continuous",FALSE,"t3",100
"s11","mediation-boot","pnde","md",0.4,1000,0,0,-0.00203852779101065,0.00382580442700855,0.120982558717024,0.0027066058952739,0.122772278054431,0.107816532803075,0.005,0.787940896014445,0.120939234038252,0.0033277099274258,0.94,0.00750999334220744,0.449603712583914,0.00489118962261766,0.421120854786603,5.98154300000002,"continuous","continuous",FALSE,"t3",100
"s11","mediation-qb","pnde","md",0.4,1000,0,0,-0.00242413789967849,0.00379750860077615,0.120087766125317,0.00268658771307107,0.124443893199681,0.108430114357799,0.005,0.857174537625517,0.120052184261481,0.00317825348418721,0.944,0.00727076337120113,0.453446188371438,0.00544411075134416,0.423726572840552,1.92558200000001,"continuous","continuous",FALSE,"t3",100
"s11","regmedint-delta","pnde","md",0.4,1000,0,0,-0.00222436226014537,0.00380748859723376,0.120403361323782,0.0026936481673526,0.12416183926183,0.108233479805011,0.005,0.885942524666321,0.120363699827279,0.00325228149396948,0.945,0.00720936890441875,0.454280257519634,0.00552649987486512,0.42426744467853,0.0104200000000001,"continuous","continuous",FALSE,"t3",100
"s11","robmed-mm","pnde","md",0.4,1000,0,0,0.000314172738358073,0.00290484707444642,0.091859330097274,0.00205506485408964,NA,NA,NA,NA,0.0918139264703539,0.00220090266647711,0.929,0.00812151463706124,0.356309607184992,0.00316825924846231,0.341984170937611,0.0844280000000381,"continuous","continuous",FALSE,"t3",100
"s11","cmaverse-gcomp","tnie","md",0.2,1000,0,0,-0.00256089479562169,0.00243821073250884,0.0771029933019548,0.00172493802765778,0.0841479767020395,0.0739382929867588,0.005,0.389303672866852,0.0771069704157764,0.00234923014709351,0.941,0.00745110730026082,0.309601781522901,0.003401048472403,0.290857323175097,8.03872099999999,"continuous","continuous",FALSE,"t3",100
"s11","lavaan-boot","tnie","md",0.2,1000,0,0,-0.00192901575785902,0.00210394431642072,0.0665325611005546,0.00148845770838448,0.0716637623092498,0.0636763413645932,0.004,0.225911101207327,0.0665272591251624,0.00175425805551851,0.949,0.00695693898205238,0.26886982894027,0.00268960360411221,0.250204692850586,19.419138,"continuous","continuous",FALSE,"t3",100
"s11","lavaan-delta","tnie","md",0.2,1000,0,0,-0.00192901575785902,0.00210394431642072,0.0665325611005546,0.00148845770838448,0.0704067464657251,0.0639337276636534,0.003,0.407932214501071,0.0665272591251624,0.00175425805551851,0.943,0.00733150734842434,0.262894511281766,0.00265775742880068,0.250615607236306,0.0414180000000051,"continuous","continuous",FALSE,"t3",100
"s11","medflex-impute","tnie","md",0.2,1000,0,0,-0.0027489992176947,0.00273062604054253,0.0863499772628169,0.00193181033691776,0.0945375333847793,0.0806707887608522,0.005,0.656926266720004,0.0863505602264084,0.00301202210483889,0.95,0.00689202437604511,0.342539498579091,0.00447397841842364,0.316223681151418,3.22446799999999,"continuous","continuous",FALSE,"t3",100
"s11","medflex-weight","tnie","md",0.2,1000,0,0,0.0541406984345696,0.00545615035081312,0.172538623648962,0.00386001140067649,0.12842895618307,0.0922248147543458,0.001,0.607315136701615,0.180751271920865,0.00750459444066105,0.769,0.0133281281506444,0.436823878531262,0.00791780452814819,0.361514630798792,3.849785,"continuous","continuous",FALSE,"t3",100
"s11","mediation-boot","tnie","md",0.2,1000,0,0,-0.00256089479562169,0.00243821073250884,0.0771029933019548,0.00172493802765778,0.0843921952592902,0.0739906807223264,0.005,0.390386433677244,0.0771069704157764,0.00234923014709351,0.937,0.00768316341099159,0.309569736374667,0.00348110464013298,0.291766538988427,5.98154300000002,"continuous","continuous",FALSE,"t3",100
"s11","mediation-qb","tnie","md",0.2,1000,0,0,-0.00259589746478947,0.0024413590781599,0.0772025527331433,0.00172716535816097,0.0860880261511861,0.0742926007740916,0.004,0.818566687361274,0.0772075941731962,0.00235325975844629,0.949,0.00695693898205238,0.31029214938906,0.00410188249473242,0.289895150544677,1.92558200000001,"continuous","continuous",FALSE,"t3",100
"s11","regmedint-delta","tnie","md",0.2,1000,0,0,-0.00256089479562169,0.00243821073250884,0.0771029933019548,0.00172493802765778,0.084982390193938,0.0732370409835723,0.004,0.81203064564744,0.0771069704157764,0.00234923014709351,0.94,0.00750999334220744,0.307502586565597,0.00405348670881872,0.287083925324171,0.0104200000000001,"continuous","continuous",FALSE,"t3",100
"s11","robmed-mm","tnie","md",0.2,1000,0,0,-0.00127735790535314,0.00162442850470392,0.0513689397096592,0.0011492191645354,NA,NA,NA,NA,0.0513591359170505,0.00127196998974645,0.951,0.00682634602111555,0.219112890076514,0.00212335271596488,0.207366382259701,0.0844280000000381,"continuous","continuous",FALSE,"t3",100
"s12","cmaverse-gcomp","pnde","logor",0.371667608962379,1000,0,0,0.0287270795034984,0.00933588919047393,0.295226738248432,0.00660477376788402,0.416006861990167,0.362810233253426,0.012,1.80824491172077,0.296474135881415,0.00741279623171944,0.946,0.00714730718522718,1.22072013474472,0.00671437487488868,1.19151125060234,8.62729199999999,"binary","continuous",FALSE,"t3",100
"s12","medflex-impute","pnde","clogor",0.388827491022998,1000,0,0,0.0707590912421156,0.0106888906771385,0.338012402002971,0.00756196901139103,5.18825714445836,0.404465810651311,0.14,67.7502784304507,0.345173841009599,0.00889584228482058,0.991,0.00298646948753876,6.31723942143597,0.611624322573462,1.58547684370873,5.18991800000001,"binary","continuous",FALSE,"t3",100
"s12","medflex-weight","pnde","clogor",0.388827491022998,1000,0,0,0.128582105808534,0.0140346801896728,0.4438155563141,0.00992898326727962,2705842301413.7,0.465623324778202,0.126,41785996470923.1,0.461853476453869,0.0123896253544206,0.965,0.00581162627841812,1026721206640.55,334005441313.028,1.82520989385414,5.145761,"binary","continuous",FALSE,"t3",100
"s12","mediation-boot","pnde","rd",0.0861047825993948,1000,0,0,0.00611072509003838,0.00216919963835014,0.0685961155679999,0.00153462327758747,0.071108062705554,0.0688311348619429,0,0.122635522236417,0.0688335863156454,0.00169601493034514,0.953,0.00669260786241059,0.273146730957766,0.00152500267887462,0.269213691956805,6.24834800000002,"binary","continuous",FALSE,"t3",100
"s12","mediation-qb","pnde","rd",0.0861047825993948,1000,0,0,0.00584849675740765,0.0020282718877999,0.0641395887953718,0.00143492244663171,0.0631242220038707,0.0616571486215959,0,0.106440105740224,0.0643737359356279,0.00156980383618812,0.955,0.00655553201502365,0.242664660382281,0.00118721317436973,0.239959850246669,1.99916899999998,"binary","continuous",FALSE,"t3",100
"s12","regmedint-delta","pnde","clogor",0.388827491022998,1000,0,0,0.0645670760289552,0.0110096198861386,0.348154750128817,0.00778887229001603,0.352805878097884,0.31891160756279,0.003,1.64817480248812,0.353920083654701,0.01084372864192,0.965,0.00581162627841812,1.32980140410976,0.012016183811688,1.25011053014968,0.0129010000000289,"binary","continuous",FALSE,"t3",100
"s12","cmaverse-gcomp","tnie","logor",0.185276004809576,1000,0,0,0.00618955842995396,0.00505937768958546,0.159991570421304,0.0035793103757153,0.180763981132817,0.172844758497963,0,0.345328499382139,0.16003129674169,0.0040137059530245,0.941,0.00745110730026082,0.669979466513497,0.00476722006603743,0.661245982144001,8.62729199999999,"binary","continuous",FALSE,"t3",100
"s12","medflex-impute","tnie","clogor",0.194222580362012,1000,0,0,0.0175262982109099,0.00608368110883147,0.192382888620461,0.0043039646872396,0.229569032837471,0.217020420335744,0,0.462257023378139,0.193083753296585,0.0049782128893848,0.988,0.00344325427466518,0.875527375005065,0.00658061259132523,0.850704415535606,5.18991800000001,"binary","continuous",FALSE,"t3",100
"s12","medflex-weight","tnie","clogor",0.194222580362012,1000,0,0,0.059495930746192,0.00960910321536996,0.303866524322166,0.00679806192585537,2211130841980.68,0.230243450403352,0.015,33977343152952.9,0.309487149191021,0.0105633323146981,0.894,0.00973468027209934,870313351957.07,272840788566.341,0.90253774093361,5.145761,"binary","continuous",FALSE,"t3",100
"s12","mediation-boot","tnie","rd",0.0454633538780183,1000,0,0,5.20400544772731e-05,0.00120277631911649,0.0380351268412163,0.00085091685634386,0.0401991674298084,0.0379365993644826,0,0.0761039224658399,0.0380161401396941,0.000970795792838275,0.943,0.00733150734842434,0.155034993732139,0.00111643814109023,0.15087862959456,6.24834800000002,"binary","continuous",FALSE,"t3",100
"s12","mediation-qb","tnie","rd",0.0454633538780183,1000,0,0,-0.00378855783229733,0.00111022469699859,0.0351083875708586,0.000785440230232751,0.0358948430098696,0.0348425126821622,0,0.068654995152329,0.0352947510176294,0.000904143523025594,0.949,0.00695693898205238,0.137781323850544,0.00096370970547188,0.13680127340522,1.99916899999998,"binary","continuous",FALSE,"t3",100
"s12","regmedint-delta","tnie","clogor",0.194222580362012,1000,0,0,0.0361409667362321,0.00644036439314789,0.203662204437954,0.00455630405755899,0.199823860014683,0.187058721349721,0,0.472087046479783,0.206743765805985,0.00569470325421844,0.959,0.00627048642451286,0.754182749748597,0.00669361317071076,0.733256713679132,0.0129010000000289,"binary","continuous",FALSE,"t3",100
"s13","cmaverse-gcomp","pnde","md",0.445,1000,0,0,0.000400159827891165,0.00711842613356523,0.225104399377321,0.00503600602324683,0.229762483292578,0.210037936135536,0.002,0.939024698127622,0.224992174877913,0.00573902952904764,0.949,0.00695693898205238,0.865452611800551,0.00719945597411506,0.82453962753874,7.98262399999998,"continuous","binary",TRUE,"t3",100
"s13","lavaan-boot","pnde","md",0.445,1000,0,0,0.0738663809423629,0.00678305520312787,0.214499039365402,0.00479874430358936,0.21196941362232,0.19465480068272,0.001,1.12123418297338,0.226759939769602,0.00540039740861575,0.922,0.00848033018225116,0.805265441640032,0.00667353739039313,0.7656704561095,20.089715,"continuous","binary",TRUE,"t3",100
"s13","lavaan-delta","pnde","md",0.445,1000,0,0,0.0738663809423629,0.00678305520312787,0.214499039365402,0.00479874430358936,0.205072459347555,0.191179129690251,0.001,0.770566977763769,0.226759939769602,0.00540039740861575,0.915,0.00881901355027874,0.782968076045895,0.00576194356664001,0.749408417577207,0.0422939999999944,"continuous","binary",TRUE,"t3",100
"s13","medflex-impute","pnde","md",0.445,1000,0,0,-0.000773124444825295,0.00710817265821133,0.224780156016814,0.00502875209342125,0.226407891142174,0.20694611440595,0.002,0.857951109616216,0.224669068057468,0.00619770106981741,0.956,0.00648567652600714,0.85554852802491,0.00746681851881695,0.811213861952337,4.780536,"continuous","binary",TRUE,"t3",100
"s13","medflex-weight","pnde","md",0.445,1000,0,0,-0.0146965405440963,0.0116054381208408,0.366996177060014,0.00821039021580755,0.335076466628346,0.239936736938046,0.009,1.85896352556641,0.367106927320437,0.0188166885323985,0.919,0.00862780389206894,1.14244938037344,0.0205048298727618,0.940534725933263,5.57207500000001,"continuous","binary",TRUE,"t3",100
"s13","mediation-boot","pnde","md",0.445,1000,0,0,0.000733935904524122,0.00722625165534615,0.228514141764559,0.00511228833157732,0.229530395149935,0.209622500793711,0.002,0.910065825176255,0.228401035320155,0.00613902604092053,0.95,0.00689202437604511,0.864237487167061,0.00729100087225988,0.821647015908195,5.91848600000001,"continuous","binary",TRUE,"t3",100
"s13","mediation-qb","pnde","md",0.445,1000,0,0,-5.08742299091683e-05,0.00711246555321112,0.224915909276367,0.00503178914749338,0.228922020660482,0.214144496777865,0.001,0.86482321130672,0.22480342894973,0.00611541148957436,0.953,0.00669260786241059,0.870092368268163,0.00661554860610318,0.837673669338451,1.925708,"continuous","binary",TRUE,"t3",100
"s13","regmedint-delta","pnde","md",0.445,1000,0,0,-8.03121779111726e-05,0.00707548458194548,0.22374646828352,0.00500562656737457,0.223191317210295,0.208744191760148,0.001,0.806776421265935,0.223634581488027,0.00598181140766033,0.951,0.00682634602111555,0.851884050797393,0.00630655609557544,0.818262195663623,0.0102009999999809,"continuous","binary",TRUE,"t3",100
"s13","robmed-mm","pnde","md",0.445,1000,0,0,0.078807093182173,0.00541186046449483,0.171138054468205,0.00382867805112944,NA,NA,NA,NA,0.188333489824032,0.00427534326164572,0.903,0.00935900635751467,0.668645307550552,0.00395315642400137,0.659750823154563,0.0839379999999946,"continuous","binary",TRUE,"t3",100
"s13","cmaverse-gcomp","tnie","md",0.35,1000,0,0,-0.00319006146263443,0.00569718689275848,0.180160868367742,0.00403053525725423,0.184830913049454,0.158515463029046,0.005,1.37254013893465,0.180099020110225,0.00983214020276569,0.945,0.00720936890441875,0.657387026757756,0.00858392828759334,0.616558625868033,7.98262399999998,"continuous","binary",TRUE,"t3",100
"s13","lavaan-boot","tnie","md",0.35,1000,0,0,-0.0777124691335133,0.00436565017286797,0.138053980137706,0.00308852549052727,0.141002710109034,0.12108805989244,0.005,1.31456064097993,0.158363728136393,0.00786342335186889,0.882,0.0102017645532525,0.503765999185168,0.0067046850972351,0.475622683923904,20.089715,"continuous","binary",TRUE,"t3",100
"s13","lavaan-delta","tnie","md",0.35,1000,0,0,-0.0777124691335133,0.00436565017286797,0.138053980137706,0.00308852549052727,0.1325127021522,0.117921264602823,0.002,1.14901801347832,0.158363728136393,0.00786342335186889,0.858,0.0110379345894058,0.484558502902628,0.00592083475480313,0.462242863265901,0.0422939999999944,"continuous","binary",TRUE,"t3",100
"s13","medflex-impute","tnie","md",0.35,1000,0,0,-0.00142483706720623,0.0057528091722628,0.181919799286584,0.00406988582848369,0.191543172300857,0.162738889121437,0.005,1.48087356831508,0.181834399165193,0.0102204572955847,0.954,0.00662449998113065,0.684270782108826,0.00977870008065655,0.637924723124148,4.780536,"continuous","binary",TRUE,"t3",100
"s13","medflex-weight","tnie","md",0.35,1000,0,0,0.0131231530341583,0.0102737248295892,0.324883705153272,0.00726825553179954,0.297027241569983,0.175711247817776,0.013,1.7725941859834,0.32498629139981,0.0211601545136587,0.863,0.0108734079294396,0.916649473242331,0.0227139447146456,0.688775434802867,5.57207500000001,"continuous","binary",TRUE,"t3",100
"s13","mediation-boot","tnie","md",0.35,1000,0,0,-0.00319006146263443,0.00569718689275848,0.180160868367742,0.00403053525725423,0.185431773324149,0.158483202368022,0.004,1.43561241836286,0.180099020110225,0.00983214020276569,0.945,0.00720936890441875,0.657272468114821,0.00879501061301944,0.617479172589555,5.91848600000001,"continuous","binary",TRUE,"t3",100
"s13","mediation-qb","tnie","md",0.35,1000,0,0,-0.00319728424917197,0.00570496159375638,0.180406726000544,0.00403603555188675,0.17734709494938,0.158651674955055,0.002,1.20112713066631,0.180344844190288,0.00980406199723642,0.949,0.00695693898205238,0.652272208539391,0.00727281782027932,0.618979110439168,1.925708,"continuous","binary",TRUE,"t3",100
"s13","regmedint-delta","tnie","md",0.35,1000,0,0,-0.00319006146263444,0.00569718689275848,0.180160868367742,0.00403053525725423,0.174755055193118,0.155866589184339,0.002,1.17459701869623,0.180099020110225,0.00983214020276569,0.942,0.00739161687318817,0.64575475832994,0.00723293933438283,0.61098580238881,0.0102009999999809,"continuous","binary",TRUE,"t3",100
"s13","robmed-mm","tnie","md",0.35,1000,0,0,-0.0788818895106861,0.0031602405801149,0.099935581872549,0.00223574569683661,NA,NA,NA,NA,0.127277201008102,0.00239657954718776,0.859,0.0110054077616415,0.410546874985133,0.00325948543021913,0.398553703699155,0.0839379999999946,"continuous","binary",TRUE,"t3",100
"s14","cmaverse-gcomp","pnde","logor",0.432003984824414,1000,0,0,0.00170486877221876,0.0143367249062521,0.453367048910207,0.0101426680036866,1047255128177.41,0.572162226112193,0.013,33117114963321,0.45314351582478,0.0098484032986777,0.942,0.00739161687318817,1.83024704213951,0.00612178538163617,1.80761910739593,8.49815200000002,"binary","binary",TRUE,"t3",100
"s14","medflex-impute","pnde","logor",0.432003984824414,1000,0,0,0.000618517113442582,0.0145729180022393,0.460836130419468,0.0103097653130809,1464352463041.82,0.468972236339265,0.001,46306890804897.1,0.46060607000376,0.00989903583464648,0.964,0.00589101010014412,181519676429.121,181519676427.253,1.83833738594833,5.50169200000001,"binary","binary",TRUE,"t3",100
"s14","medflex-weight","pnde","logor",0.432003984824414,1000,0,0,0.0382513997822693,0.0160905471099814,0.508827776657812,0.011383428112166,2955493589415.54,0.486220725128464,0.002,93401214269965.7,0.51000977459019,0.0116927275971469,0.957,0.00641490451994416,379218550488.201,366346951458.848,1.90595021957748,6.03059499999998,"binary","binary",TRUE,"t3",100
"s14","mediation-boot","pnde","rd",0.100782200219591,1000,0,0,-0.00237262641707193,0.00325106571848647,0.10280772493309,0.00230000090372071,0.102237076574889,0.101262959969744,0,0.141109469716681,0.102783696342012,0.0021756158375722,0.943,0.00733150734842434,0.397026659036098,0.00123775235827313,0.395633810728893,6.16486500000003,"binary","binary",TRUE,"t3",100
"s14","mediation-qb","pnde","rd",0.100782200219591,1000,0,0,-0.00313869751589349,0.00308331270042154,0.0975029087185648,0.00218132225291484,0.0977336584918677,0.0971351912720876,0,0.132651014206068,0.0975046758543839,0.00204325745515659,0.954,0.00662449998113065,0.380493882225206,0.000974755237619411,0.378841168655303,1.98256600000001,"binary","binary",TRUE,"t3",100
"s14","regmedint-delta","pnde","clogor",0.447418227151819,1000,0,0,0.232194142318058,0.0312489680870382,0.988179136849555,0.0221074137110916,0.932296591340997,0.528097859774317,0.008,14.1355154334846,1.01461107239427,0.198789453655708,0.959,0.00627048642451286,2.62306812912103,0.0805085387875921,2.07010557094069,0.0127060000000001,"binary","binary",TRUE,"t3",100
"s14","cmaverse-gcomp","tnie","logor",0.305157633203393,1000,0,0,0.0124782899380729,0.00659619424038963,0.208589976885155,0.00466654753478083,0.264363390367259,0.241947620411138,0.001,0.790723229776113,0.20885874747846,0.00512813773898223,0.946,0.00714730718522718,0.879573128605288,0.00714950718237058,0.864369313535179,8.49815200000002,"binary","binary",TRUE,"t3",100
"s14","medflex-impute","tnie","logor",0.305157633203393,1000,0,0,0.0249487979199542,0.00658692151534754,0.20829674757266,0.00465998744715926,0.238648474284424,0.225986126832208,0,0.478999338379233,0.209682116624069,0.00544193903274266,0.965,0.00581162627841812,0.907407939996658,0.00719683892038786,0.885849339193655,5.50169200000001,"binary","binary",TRUE,"t3",100
"s14","medflex-weight","tnie","logor",0.305157633203393,1000,0,0,-0.011493315568821,0.00850701915027132,0.269015566135276,0.00601838087195064,0.289829586767272,0.241033379027467,0.004,1.29099590571824,0.269126553411261,0.0123267924104909,0.918,0.00867617427210864,1.02732858419103,0.0153486155549609,0.944833483931656,6.03059499999998,"binary","binary",TRUE,"t3",100
"s14","mediation-boot","tnie","rd",0.0757274753150735,1000,0,0,0.000849036271689469,0.00156894074399661,0.0496142626486845,0.00110996376005479,0.0532726703446328,0.0514077800900509,0,0.125462758103186,0.0495967170859636,0.00116510267618738,0.954,0.00662449998113065,0.202885522266471,0.00153984922611199,0.201438437168197,6.16486500000003,"binary","binary",TRUE,"t3",100
"s14","mediation-qb","tnie","rd",0.0757274753150735,1000,0,0,-0.00556720664347601,0.00144214624252995,0.0456046684544822,0.00102026164597512,0.0503762229038118,0.0486576611158383,0,0.0959778534791497,0.0459205813211196,0.00100285316309678,0.947,0.00708456067798138,0.191262731210499,0.00151561401413926,0.190047797608507,1.98256600000001,"binary","binary",TRUE,"t3",100
"s14","regmedint-delta","tnie","clogor",0.324728988617171,1000,0,0,0.0936118913300966,0.0100797726255548,0.318750397933689,0.00713104198916917,0.325061192121712,0.276549227962219,0.002,1.37304131199137,0.332059332898655,0.012345178694776,0.949,0.00695693898205238,1.16685348104812,0.0161970021969241,1.08405305351661,0.0127060000000001,"binary","binary",TRUE,"t3",100
"s15","cmaverse-gcomp","pnde","md",0.445,1000,0,0,-0.000951478260571834,0.00380208797192835,0.120232578556239,0.00268982743773386,0.1276979521079,0.115587079128681,0.002,0.410811394277689,0.12017621388701,0.00303459355253155,0.957,0.00641490451994416,0.480695083128313,0.00418044076322395,0.451463334184685,9.00094399999998,"continuous","continuous",TRUE,"t3",100
"s15","lavaan-boot","pnde","md",0.445,1000,0,0,-0.00429889962768813,0.00444466138655357,0.140552534097114,0.00314442281116512,0.139816677861943,0.128157883756886,0,0.406182756880157,0.140548000214475,0.00348062840390061,0.953,0.00669260786241059,0.531902267645147,0.004278393316499,0.503498412086512,22.166527,"continuous","continuous",TRUE,"t3",100
"s15","lavaan-delta","pnde","md",0.445,1000,0,0,-0.00429889962768813,0.00444466138655357,0.140552534097114,0.00314442281116512,0.125983601111144,0.115163086471732,0.001,0.710304947994097,0.140548000214475,0.00348062840390061,0.91,0.00904986187739901,0.476853816912258,0.00406342887356486,0.451431003666135,0.0461710000000039,"continuous","continuous",TRUE,"t3",100
"s15","medflex-impute","pnde","md",0.445,1000,0,0,0.000180767781017262,0.00378035540259197,0.119545334371134,0.0026744525011924,0.128144862456259,0.116069111298721,0.003,0.418241851204194,0.119485683493576,0.00311226708653475,0.959,0.00627048642451286,0.482972182711731,0.0043681756109558,0.454982555726129,3.20183899999999,"continuous","continuous",TRUE,"t3",100
"s15","medflex-weight","pnde","md",0.445,1000,0,0,0.000132828204819581,0.00680713023651509,0.215260358767884,0.00481577644115362,0.16602930257546,0.134565326965831,0.001,0.826764738954316,0.215152742669372,0.00942117806701076,0.825,0.0120156148406979,0.594907816133678,0.00835014199029805,0.527486388841769,3.76286000000002,"continuous","continuous",TRUE,"t3",100
"s15","mediation-boot","pnde","md",0.445,1000,0,0,-0.000179191212297738,0.00385228052175542,0.12181980634649,0.00272533668914821,0.127393585295604,0.11485952907052,0.002,0.441657795626697,0.121759013065023,0.00306865783591123,0.954,0.00662449998113065,0.478460145012874,0.0041873372197671,0.44999649953032,6.67210600000003,"continuous","continuous",TRUE,"t3",100
"s15","mediation-qb","pnde","md",0.445,1000,0,0,-5.80711310871548e-05,0.00371984607462201,0.117631861410422,0.00263164453572339,0.127762290327939,0.116688389334849,0.002,0.71495697710676,0.11757304510949,0.00302308963797399,0.952,0.00675988165576884,0.480743289849433,0.00424957840200467,0.454035334872068,2.18279499999998,"continuous","continuous",TRUE,"t3",100
"s15","regmedint-delta","pnde","md",0.445,1000,0,0,0.000331749401041614,0.00371129712318917,0.117361519829083,0.00262559648941366,0.123905836619138,0.112359341080618,0.002,0.739593091881631,0.117303293508412,0.00300964607123278,0.946,0.00714730718522718,0.466579248185583,0.00426947563356851,0.440440523689326,0.0116960000000017,"continuous","continuous",TRUE,"t3",100
"s15","robmed-mm","pnde","md",0.445,1000,0,0,0.00310818563274008,0.00401759540986832,0.127047522122216,0.00284229045907544,NA,NA,NA,NA,0.127022016290268,0.00289021019937929,0.917,0.00872416185085994,0.517835078189622,0.00627460761848394,0.490825914728834,0.0959669999999824,"continuous","continuous",TRUE,"t3",100
"s15","cmaverse-gcomp","tnie","md",0.35,1000,0,0,0.00155716400191942,0.00302230276107013,0.0955736050359729,0.00213816012461756,0.104198708748975,0.0920143590020033,0.005,0.649368041568385,0.0955384970853187,0.00302248035798195,0.94,0.00750999334220744,0.383358074909022,0.00409170738959565,0.359787328635904,9.00094399999998,"continuous","continuous",TRUE,"t3",100
"s15","lavaan-boot","tnie","md",0.35,1000,0,0,-0.147597188864099,0.00288856581329126,0.0913444714129707,0.00204354650330465,0.0901620355635067,0.0771744974394458,0.004,0.561918204400446,0.173552294153209,0.00272078538850731,0.536,0.0157703519301251,0.326622398537083,0.00393128064902774,0.304002955490174,22.166527,"continuous","continuous",TRUE,"t3",100
"s15","lavaan-delta","tnie","md",0.35,1000,0,0,-0.147597188864099,0.00288856581329126,0.0913444714129707,0.00204354650330465,0.0764498734831551,0.0699728850034504,0.001,0.379504308830233,0.173552294153209,0.00272078538850731,0.456,0.0157500476189756,0.286769657867784,0.00275275190213745,0.274288669002251,0.0461710000000039,"continuous","continuous",TRUE,"t3",100
"s15","medflex-impute","tnie","md",0.35,1000,0,0,0.00235377074380298,0.00331073484146431,0.104694628279037,0.0023422144572619,0.114452461481362,0.0996335069028128,0.004,0.70404159206705,0.104668736793799,0.0033232353533182,0.953,0.00669260786241059,0.420728463927233,0.00492895055002948,0.390556170365872,3.20183899999999,"continuous","continuous",TRUE,"t3",100
"s15","medflex-weight","tnie","md",0.35,1000,0,0,0.0487492052061591,0.00780889362925522,0.246938898744249,0.00552448457200286,0.171982615256114,0.118587096051983,0.001,0.936032729780528,0.251583635997141,0.0135005950756106,0.75,0.0136930639376292,0.566715536776653,0.0115523997881089,0.464852874586159,3.76286000000002,"continuous","continuous",TRUE,"t3",100
"s15","mediation-boot","tnie","md",0.35,1000,0,0,0.00155716400191942,0.00302230276107013,0.0955736050359729,0.00213816012461756,0.104474375387922,0.0915896362371256,0.005,0.659537249478095,0.0955384970853187,0.00302248035798195,0.947,0.00708456067798138,0.384145674124877,0.00422898066071153,0.357643955034175,6.67210600000003,"continuous","continuous",TRUE,"t3",100
"s15","mediation-qb","tnie","md",0.35,1000,0,0,0.00142728387882915,0.00301902762249801,0.0954700360605672,0.00213584309311836,0.102802594634686,0.0938819083504871,0.004,0.473818001465991,0.0954329628424652,0.00301831761095444,0.961,0.00612200947402077,0.384935507414682,0.0035099327380247,0.366100059321429,2.18279499999998,"continuous","continuous",TRUE,"t3",100
"s15","regmedint-delta","tnie","md",0.35,1000,0,0,0.00155716400191942,0.00302230276107013,0.0955736050359729,0.00213816012461756,0.101990507104587,0.0934828038899153,0.003,0.466746527632703,0.0955384970853187,0.00302248035798195,0.954,0.00662449998113065,0.384530883491899,0.0034618461791484,0.36644585759611,0.0116960000000017,"continuous","continuous",TRUE,"t3",100
"s15","robmed-mm","tnie","md",0.35,1000,0,0,-0.151042235688358,0.00245161958133601,0.0775270183329023,0.00173442425989387,NA,NA,NA,NA,0.169759197378982,0.00216410459271939,0.498,0.0158112618092295,0.313060775854796,0.00539265165339846,0.279221396453228,0.0959669999999824,"continuous","continuous",TRUE,"t3",100
"s16","cmaverse-gcomp","pnde","logor",0.432003984824414,1000,0,0,0.033490049563768,0.00874613365514735,0.276577030705193,0.00618754496303018,571347766274.409,0.353619255348107,0.017,18067602774766.7,0.278459947711643,0.00758586144863655,0.945,0.00720936890441875,1.18159493863049,0.00659287916129169,1.16104908315446,10.727203,"binary","continuous",TRUE,"t3",100
"s16","medflex-impute","pnde","clogor",0.447418227151819,1000,0,0,0.0640773967576517,0.0105830440584938,0.334665238027527,0.00748708669906059,6.0836839319326,0.395994554335482,0.137,108.44865332178,0.340579995739202,0.00907007873812047,0.984,0.00396787096564392,6.29080325941891,0.727779923649184,1.55227012914307,5.184331,"binary","continuous",TRUE,"t3",100
"s16","medflex-weight","pnde","clogor",0.447418227151819,1000,0,0,0.137141104584041,0.0133406439537983,0.421868203473566,0.00943797997545152,1404057762283.37,0.463569339584788,0.128,28288629287864.6,0.44339879441361,0.010726532433962,0.974,0.00503229569878401,424120202855.801,173614909754.418,1.8171584198464,5.147895,"binary","continuous",TRUE,"t3",100
"s16","mediation-boot","pnde","rd",0.100782200219591,1000,0,0,0.00664715564660023,0.00204404168704901,0.0646382736340798,0.00144607895826979,0.0690446121370982,0.0675872277335212,0,0.102635128434025,0.0649470013947211,0.00172579011215258,0.947,0.00708456067798138,0.266182122971548,0.00137407862491523,0.264383022554693,7.79825200000004,"binary","continuous",TRUE,"t3",100
"s16","mediation-qb","pnde","rd",0.100782200219591,1000,0,0,0.00561453223782995,0.00192633074358308,0.060915926765283,0.00136280310358313,0.0618929286537967,0.0609527811104455,0,0.0987823293607815,0.0611437842776294,0.00156102793390629,0.946,0.00714730718522718,0.238381380578519,0.00109362313789979,0.237553412700591,2.46793899999991,"binary","continuous",TRUE,"t3",100
"s16","regmedint-delta","pnde","clogor",0.447418227151819,1000,0,0,0.274842736946294,0.0145747580104141,0.460894316586925,0.0103110670463681,0.434571302673105,0.337287709525045,0.007,2.71334704434435,0.536423039720701,0.0319519623451937,0.956,0.00648567652600714,1.52362639334641,0.0241042670504942,1.32214352619419,0.0160169999999325,"binary","continuous",TRUE,"t3",100
"s16","cmaverse-gcomp","tnie","logor",0.305157633203393,1000,0,0,0.000842855559801276,0.00500359839956935,0.158227674394124,0.00353984872573498,0.179950765918877,0.170647971234559,0,0.361324498550686,0.158150786759736,0.00384935720217338,0.95,0.00689202437604511,0.655623023897613,0.00438150537594908,0.646241629589928,10.727203,"binary","continuous",TRUE,"t3",100
"s16","medflex-impute","tnie","clogor",0.324728988617171,1000,0,0,0.0291983915968654,0.00646654356514509,0.204490062545639,0.00457482479028667,0.236199447244043,0.225222303805209,0,0.447933539407874,0.206462867281464,0.00502449006681533,0.989,0.00329833291224522,0.904698489235643,0.0062307435175529,0.882855207946696,5.184331,"binary","continuous",TRUE,"t3",100
"s16","medflex-weight","tnie","clogor",0.324728988617171,1000,0,0,0.0797969006685679,0.00981590449231088,0.310406154903811,0.00694436568131318,1632897257217.61,0.242537694085236,0.009,29706318177031,0.320348520173694,0.0103037187974758,0.892,0.00981509042240569,515215393010.181,201856501269.259,0.950730290600911,5.147895,"binary","continuous",TRUE,"t3",100
"s16","mediation-boot","tnie","rd",0.0757274753150735,1000,0,0,-0.00115833018534769,0.00122391138226833,0.0387034762217293,0.000865869080801521,0.0400107695214922,0.0383932690922097,0,0.0765460493041874,0.0387014578716695,0.000939856137335886,0.95,0.00689202437604511,0.153938495666952,0.00100379910094069,0.151591358262831,7.79825200000004,"binary","continuous",TRUE,"t3",100
"s16","mediation-qb","tnie","rd",0.0757274753150735,1000,0,0,-0.00683957419718969,0.00114060807642806,0.0360691943909609,0.000806935274072838,0.0371342416795555,0.0361136562581165,0,0.0649727113825129,0.0366942171524039,0.00084103236798884,0.937,0.00768316341099159,0.143156324345574,0.000852692046378645,0.141667143888812,2.46793899999991,"binary","continuous",TRUE,"t3",100
"s16","regmedint-delta","tnie","clogor",0.324728988617171,1000,0,0,0.0750852721716515,0.00773135830178908,0.244487016405049,0.00546963138271531,0.232499260238008,0.216565503853687,0,0.562877769380305,0.255640226463957,0.00841015010749307,0.962,0.00604615580348373,0.878578857028345,0.00766629714558223,0.848921175693992,0.0160169999999325,"binary","continuous",TRUE,"t3",100
"s17","cmaverse-gcomp","pnde","md",0.4,1000,0,0,-0.0026013582691611,0.00409300656377826,0.129432232195585,0.00289564087926449,0.126222042507022,0.125382809501033,0,0.154099399760912,0.12939365167289,0.00325694224549407,0.945,0.00720936890441875,0.491680282358751,0.00108241449053385,0.490129734330115,10.260172,"continuous","binary",FALSE,"normal",300
"s17","lavaan-boot","pnde","md",0.4,1000,0,0,-0.00284945988330687,0.00393649713682421,0.12448296955096,0.00278491662617166,0.122109589223711,0.121578117459142,0,0.144469647661821,0.124453337119354,0.00303435121135287,0.949,0.00695693898205238,0.479939715910039,0.000920148852334478,0.479439725868773,23.7741940000001,"continuous","binary",FALSE,"normal",300
"s17","lavaan-delta","pnde","md",0.4,1000,0,0,-0.00284945988330687,0.00393649713682421,0.12448296955096,0.00278491662617166,0.121264838510737,0.120905675747043,0,0.140295228984353,0.124453337119354,0.00303435121135287,0.951,0.00682634602111555,0.474847528729394,0.00069093015848425,0.473941539981363,0.0492359999999171,"continuous","binary",FALSE,"normal",300
"s17","medflex-impute","pnde","md",0.4,1000,0,0,-0.00250634663084633,0.00407688950800517,0.128922566141396,0.00288423869731762,0.125724466510138,0.125014447420378,0,0.154230558805462,0.128882461203439,0.00322830725721898,0.941,0.00745110730026082,0.491805028978221,0.00100552170031965,0.490047628982234,6.26315499999999,"continuous","binary",FALSE,"normal",300
"s17","medflex-weight","pnde","md",0.4,1000,0,0,-0.000321358198828853,0.00427889191008909,0.135310442975499,0.00302714743788994,0.131893665240625,0.129004105372676,0,0.235859343494949,0.135243152630141,0.00328370629458696,0.942,0.00739161687318817,0.514497416180695,0.00161187439938708,0.50568680077651,7.24503699999998,"continuous","binary",FALSE,"normal",300
"s17","mediation-boot","pnde","md",0.4,1000,0,0,-0.00281686224744285,0.00408112213457382,0.129056413545815,0.0028872331138493,0.12618431164479,0.125545169904964,0,0.15388814192625,0.129022622172827,0.00323287397509177,0.945,0.00720936890441875,0.491682617250064,0.00102957024039615,0.488978033359952,7.51737800000004,"continuous","binary",FALSE,"normal",300
"s17","mediation-qb","pnde","md",0.4,1000,0,0,-0.00261901353930464,0.00407452835724912,0.128847899998515,0.00288256827618714,0.126410360352765,0.125886953319842,0,0.148006395649987,0.128810088054516,0.00322807838259447,0.942,0.00739161687318817,0.492869199442422,0.000909508501596686,0.49153389516752,2.73678500000006,"continuous","binary",FALSE,"normal",300
"s17","regmedint-delta","pnde","md",0.4,1000,0,0,-0.00242302468053191,0.00407169007688167,0.128758145692522,0.00288056030465552,0.125852527790919,0.125336904048121,0,0.14550200239552,0.128716558649992,0.00323473744062417,0.946,0.00714730718522718,0.492701762272951,0.000789234429516688,0.491311635736138,0.0132780000000566,"continuous","binary",FALSE,"normal",300
"s17","robmed-mm","pnde","md",0.4,1000,0,0,-0.0050370596708656,0.004399446470933,0.13912271292138,0.00311243503983289,NA,NA,NA,NA,0.139144335463152,0.00329244495103509,0.933,0.00790638982089803,0.520474434949159,0.00168422352793107,0.523924648977262,0.162719000000081,"continuous","binary",FALSE,"normal",300
"s17","cmaverse-gcomp","tnie","md",0.2,1000,0,0,-0.00390085656095125,0.00199579788240763,0.0631126705774902,0.00141194836729368,0.0640219110531893,0.0625137641773718,0,0.100478545454459,0.063201603303591,0.00151926335395775,0.942,0.00739161687318817,0.245521276394823,0.00126835354908719,0.242987136287427,10.260172,"continuous","binary",FALSE,"normal",300
"s17","lavaan-boot","tnie","md",0.2,1000,0,0,-0.00360880249058909,0.00181061025739414,0.0572565236822921,0.00128093541899585,0.0569011209439674,0.0563471739779945,0,0.0868458045388959,0.0573415612805649,0.00161188864293361,0.948,0.00702111102319284,0.221711367513984,0.000977065123110089,0.22194029580313,23.7741940000001,"continuous","binary",FALSE,"normal",300
"s17","lavaan-delta","tnie","md",0.2,1000,0,0,-0.00360880249058909,0.00181061025739414,0.0572565236822921,0.00128093541899585,0.0559582187779597,0.0554725525879824,0,0.0838920694508016,0.0573415612805649,0.00161188864293361,0.93,0.00806845710157772,0.217477116915035,0.00090548628709937,0.217448410405899,0.0492359999999171,"continuous","binary",FALSE,"normal",300
"s17","medflex-impute","tnie","md",0.2,1000,0,0,-0.00383617208322881,0.00202690732881287,0.064096437651365,0.00143395707491206,0.0653414758052929,0.0640569467286588,0,0.126204531152045,0.0641791335445398,0.00158885923150848,0.93,0.00806845710157772,0.252656768467822,0.00133074865414729,0.251098617095544,6.26315499999999,"continuous","binary",FALSE,"normal",300
"s17","medflex-weight","tnie","md",0.2,1000,0,0,-0.00599637439414227,0.00227494736589332,0.0719401523322334,0.00160943562835993,0.0737910103975515,0.0690093357593577,0,0.180253070599599,0.0721537707811733,0.0020846408843285,0.922,0.00848033018225116,0.280162874984397,0.00227654538823506,0.270511625370746,7.24503699999998,"continuous","binary",FALSE,"normal",300
"s17","mediation-boot","tnie","md",0.2,1000,0,0,-0.00390085656095125,0.00199579788240763,0.0631126705774902,0.00141194836729368,0.0640415103952507,0.0630510922695912,0,0.096840324542494,0.063201603303591,0.00151926335395775,0.938,0.00762600813007697,0.245724289167218,0.00127971316843839,0.244469284457715,7.51737800000004,"continuous","binary",FALSE,"normal",300
"s17","mediation-qb","tnie","md",0.2,1000,0,0,-0.0038865507195589,0.00199873065818225,0.0632054130906337,0.00141402319060275,0.0639566711044493,0.0631809853620841,0,0.0913450014480678,0.063293242895347,0.00153079197250743,0.938,0.00762600813007697,0.245845978882019,0.00124395438726215,0.245727617939447,2.73678500000006,"continuous","binary",FALSE,"normal",300
"s17","regmedint-delta","tnie","md",0.2,1000,0,0,-0.00390085656095125,0.00199579788240763,0.0631126705774902,0.00141194836729368,0.0632910469551715,0.0624166312107239,0,0.0914191999624645,0.063201603303591,0.00151926335395775,0.925,0.00832916562447884,0.245091713869058,0.00121792101635532,0.244668698418675,0.0132780000000566,"continuous","binary",FALSE,"normal",300
"s17","robmed-mm","tnie","md",0.2,1000,0,0,-0.00231907132043014,0.00197380149124415,0.0624170836136841,0.00139638678720414,NA,NA,NA,NA,0.0624289558322101,0.00179622271668861,0.941,0.00745110730026082,0.243462984317124,0.00118780340081491,0.243103307770819,0.162719000000081,"continuous","binary",FALSE,"normal",300
"s18","cmaverse-gcomp","pnde","logor",0.369467750712575,1000,0,0,0.00478775931408138,0.00813323825075573,0.257195576251918,0.0057539456125245,0.270246134571372,0.268321206392505,0,0.345074610768813,0.257111527393001,0.00614874007400296,0.944,0.00727076337120113,0.993975339093148,0.0016330638765637,0.991619238461766,9.62490700000007,"binary","binary",FALSE,"normal",300
"s18","medflex-impute","pnde","logor",0.369467750712575,1000,0,0,0.00471788219445801,0.00811321101639635,0.256562259493822,0.00573977713328901,0.254198031859726,0.252870092831461,0,0.298395617522324,0.256477342500228,0.00613086952192385,0.946,0.00714730718522718,0.995225967760266,0.00155445392034256,0.991232549433926,7.843927,"binary","binary",FALSE,"normal",300
"s18","medflex-weight","pnde","logor",0.369467750712575,1000,0,0,0.00821725485711899,0.0082143619697148,0.259760933493658,0.00581133744741054,0.258964210759659,0.256793321923119,0,0.344725914912398,0.259761024990883,0.00626007362080531,0.94,0.00750999334220744,1.0134563169001,0.00183859345491636,1.00661132487943,8.195938,"binary","binary",FALSE,"normal",300
"s18","mediation-boot","pnde","rd",0.0856763769037782,1000,0,0,0.000361682291311521,0.00186213148731516,0.0588857680263286,0.00131738465922663,0.0577542067281354,0.0576277632182955,0,0.0676738184522695,0.0588574290676579,0.00138758190744219,0.942,0.00739161687318817,0.225062658057858,0.000375590380832016,0.22506821823458,7.06926100000001,"binary","binary",FALSE,"normal",300
"s18","mediation-qb","pnde","rd",0.0856763769037782,1000,0,0,-0.000249284962758386,0.00182067655936755,0.0575748481008023,0.00128805693102937,0.0568254696643791,0.056738027913663,0,0.066341027485042,0.057546593415156,0.00135879329299075,0.942,0.00739161687318817,0.221648647430607,0.000331415562897461,0.221179213592088,2.46425499999997,"binary","binary",FALSE,"normal",300
"s18","regmedint-delta","pnde","clogor",0.38618080131665,1000,0,0,0.0183017629190072,0.00878149307942112,0.277695193879766,0.00621256036254125,0.270766209324491,0.267560779476153,0,0.337126621041608,0.278159056313399,0.00647702695575963,0.943,0.00733150734842434,1.06008646111162,0.00165997726433453,1.04881898289745,0.0145620000000054,"binary","binary",FALSE,"normal",300
"s18","cmaverse-gcomp","tnie","logor",0.184064109847679,1000,0,0,0.00161636258267169,0.00286768374542933,0.0906841224459916,0.00202877326304658,0.0965425751228168,0.0938139779959333,0,0.157820381790408,0.0906531802075055,0.00219070700928343,0.948,0.00702111102319284,0.360201744767071,0.00216281398837472,0.35672091498493,9.62490700000007,"binary","binary",FALSE,"normal",300
"s18","medflex-impute","tnie","logor",0.184064109847679,1000,0,0,0.00169157739090159,0.00288497429571022,0.0912308976548443,0.00204100564612199,0.094636326773445,0.0921403139819433,0,0.151982023149045,0.0912009596675999,0.00219638324321882,0.944,0.00727076337120113,0.364663716564374,0.00215452183106923,0.361183393857642,7.843927,"binary","binary",FALSE,"normal",300
"s18","medflex-weight","tnie","logor",0.184064109847679,1000,0,0,-0.00310014856858736,0.00315380294078305,0.0997320058421158,0.00223119132065255,0.104714418570765,0.0991323317871607,0,0.20820053646882,0.0997303235603387,0.00244415853577599,0.953,0.00669260786241059,0.399727345258126,0.0029520890994137,0.38859160001262,8.195938,"binary","binary",FALSE,"normal",300
"s18","mediation-boot","tnie","rd",0.0451770906628603,1000,0,0,-9.14999879374784e-05,0.000689327336248484,0.0217984443596196,0.000487671930873489,0.0223342219962863,0.0219516025312561,0,0.0368429204402499,0.0217877345442504,0.000515062862182809,0.944,0.00727076337120113,0.0856831265155437,0.000497543576443781,0.0854660346372924,7.06926100000001,"binary","binary",FALSE,"normal",300
"s18","mediation-qb","tnie","rd",0.0451770906628603,1000,0,0,-0.00138568343009053,0.00067359456942975,0.0213009305891844,0.000476541618220824,0.0218063376031446,0.0214196718548153,0,0.035135204469429,0.0213353235946801,0.00049707123703326,0.946,0.00714730718522718,0.0838403788012306,0.000475223424685575,0.0834530135229059,2.46425499999997,"binary","binary",FALSE,"normal",300
"s18","regmedint-delta","tnie","clogor",0.192705508870897,1000,0,0,0.0147820553005736,0.00338181723754203,0.106942451010515,0.00239250245183788,0.106913233078974,0.103318444933382,0,0.198822631324232,0.107906256997532,0.00291155816973116,0.943,0.00733150734842434,0.408871453923334,0.00291047318569234,0.405000862016228,0.0145620000000054,"binary","binary",FALSE,"normal",300
"s19","cmaverse-gcomp","pnde","md",0.4,1000,0,0,-0.00152599791829887,0.00202343280687161,0.0639865636202189,0.00143149898753491,0.0656312267828841,0.0652451586184058,0,0.0879658780068569,0.0639727654025293,0.00147326577009052,0.948,0.00702111102319284,0.255459828926063,0.000709889925845216,0.255340955520586,8.831519,"continuous","continuous",FALSE,"normal",300
"s19","lavaan-boot","pnde","md",0.4,1000,0,0,-0.00177517942176608,0.00201572464620249,0.0637428101773696,0.00142604576756332,0.0651823099272119,0.0645262312159947,0,0.0888352507563439,0.0637356569389406,0.00145524218191272,0.951,0.00682634602111555,0.255870110082199,0.000716376361999741,0.254068720338011,19.728812,"continuous","continuous",FALSE,"normal",300
"s19","lavaan-delta","pnde","md",0.4,1000,0,0,-0.00177517942176608,0.00201572464620249,0.0637428101773696,0.00142604576756332,0.0647440361278865,0.0644767564997911,0,0.0777663531573396,0.0637356569389406,0.00145524218191272,0.954,0.00662449998113065,0.25335963801874,0.000468477603028649,0.252744241159099,0.0415590000000047,"continuous","continuous",FALSE,"normal",300
"s19","medflex-impute","pnde","md",0.4,1000,0,0,-0.00127925143804865,0.0020566756874413,0.0650377958060706,0.00145501701576725,0.0662310495529193,0.0655832189979334,0,0.0873871816631479,0.0650178548759536,0.00148687702733427,0.953,0.00669260786241059,0.258683763010729,0.000697302891865283,0.257081494452305,5.93754699999998,"continuous","continuous",FALSE,"normal",300
"s19","medflex-weight","pnde","md",0.4,1000,0,0,0.0140072100569581,0.002616071705647,0.0827274511216608,0.00185076765842416,0.077569340931577,0.0720632830810814,0,0.224225762273208,0.0838641119400751,0.00202935185759447,0.914,0.00886588969026797,0.296699135173341,0.00210483376251275,0.282482878893268,6.65727800000001,"continuous","continuous",FALSE,"normal",300
"s19","mediation-boot","pnde","md",0.4,1000,0,0,-0.00150536767593166,0.00202012967776842,0.0638821095065023,0.00142916215383781,0.0655785073177943,0.0648721800017509,0,0.0866895401744057,0.0638679036991625,0.00146650582777387,0.953,0.00669260786241059,0.255185588689076,0.000708840625103739,0.253582546147122,6.5013639999999,"continuous","continuous",FALSE,"normal",300
"s19","mediation-qb","pnde","md",0.4,1000,0,0,-0.00163960086249861,0.00202184685595908,0.0639364114488109,0.00143037698975082,0.0656010129361276,0.065422137990744,0,0.0787235480369537,0.0639254654674566,0.00147466739940252,0.953,0.00669260786241059,0.255554428110367,0.000552772184495142,0.255184296074553,2.35620600000004,"continuous","continuous",FALSE,"normal",300
"s19","regmedint-delta","pnde","md",0.4,1000,0,0,-0.00156699956046783,0.002021108122962,0.0639130506602758,0.00142985436526149,0.0655225704844407,0.0653384205075539,0,0.078784754763501,0.0639003024584453,0.00147138671681611,0.953,0.00669260786241059,0.256400873730281,0.000477006094521043,0.256121902003078,0.0122879999999568,"continuous","continuous",FALSE,"normal",300
"s19","robmed-mm","pnde","md",0.4,1000,0,0,-0.0031007627922049,0.00225547153426338,0.0713242724594677,0.00159565724483022,NA,NA,NA,NA,0.0713560047923371,0.00163972830358838,0.94,0.00750999334220744,0.276412212536222,0.00125513853025715,0.278006368606474,0.138738999999976,"continuous","continuous",FALSE,"normal",300
"s19","cmaverse-gcomp","tnie","md",0.2,1000,0,0,0.00197168262894741,0.00134657559910606,0.0425824593478094,0.000952649181239577,0.042738274050185,0.0422111656041514,0,0.060063920286826,0.0426068082664382,0.00096211036714643,0.938,0.00762600813007697,0.165550537693692,0.000664831478583697,0.164777947192859,8.831519,"continuous","continuous",FALSE,"normal",300
"s19","lavaan-boot","tnie","md",0.2,1000,0,0,0.0024130087756509,0.00119842528262875,0.0378975349863786,0.000847838669459779,0.0379586867667454,0.0376974791016962,0,0.0527386358047681,0.037955362549146,0.000800299570386849,0.952,0.00675988165576884,0.148257008529829,0.000541065787723534,0.148025544816694,19.728812,"continuous","continuous",FALSE,"normal",300
"s19","lavaan-delta","tnie","md",0.2,1000,0,0,0.0024130087756509,0.00119842528262875,0.0378975349863786,0.000847838669459779,0.0375786397885922,0.0373817129902653,0,0.0500242709753434,0.037955362549146,0.000800299570386849,0.949,0.00695693898205238,0.146625708247848,0.000447247197632983,0.146533622282666,0.0415590000000047,"continuous","continuous",FALSE,"normal",300
"s19","medflex-impute","tnie","md",0.2,1000,0,0,0.0022920092417502,0.00144517437337523,0.0457004263597234,0.0010224039292397,0.0454324398387516,0.0449657361230199,0,0.0671240043622776,0.0457350385028296,0.00106059249373415,0.939,0.00756828910652864,0.176607379093045,0.000726004542639077,0.176262446678901,5.93754699999998,"continuous","continuous",FALSE,"normal",300
"s19","medflex-weight","tnie","md",0.2,1000,0,0,-0.00766294430241719,0.00186004564574164,0.0588198079242227,0.0013159090084956,0.0509715842144554,0.0451987807712792,0.001,0.188793887930958,0.0592876947588633,0.00173589336032985,0.87,0.0106348483769163,0.191731829861408,0.00177878694231831,0.177175964913657,6.65727800000001,"continuous","continuous",FALSE,"normal",300
"s19","mediation-boot","tnie","md",0.2,1000,0,0,0.00197168262894742,0.00134657559910606,0.0425824593478094,0.000952649181239577,0.0427895877071986,0.0423024076159159,0,0.0600394906656273,0.0426068082664382,0.00096211036714643,0.94,0.00750999334220744,0.165546185943674,0.000664589377922146,0.165017907651869,6.5013639999999,"continuous","continuous",FALSE,"normal",300
"s19","mediation-qb","tnie","md",0.2,1000,0,0,0.0019920768658715,0.00134926258953352,0.0426674294458279,0.000954550121099486,0.0427752971418185,0.0424777847683197,0,0.0576775192853378,0.0426925918189413,0.000966133276499459,0.943,0.00733150734842434,0.16581649930735,0.000562979698846451,0.165916048775825,2.35620600000004,"continuous","continuous",FALSE,"normal",300
"s19","regmedint-delta","tnie","md",0.2,1000,0,0,0.00197168262894742,0.00134657559910606,0.0425824593478094,0.000952649181239577,0.0426033703733863,0.0423719388055449,0,0.0563566864027708,0.0426068082664382,0.00096211036714643,0.942,0.00739161687318817,0.16611732303047,0.0005431812186192,0.166094948028006,0.0122879999999568,"continuous","continuous",FALSE,"normal",300
"s19","robmed-mm","tnie","md",0.2,1000,0,0,0.00271486458250538,0.00132629474476115,0.041941122421569,0.000938301275856956,NA,NA,NA,NA,0.0420079656961914,0.000890358872942131,0.955,0.00655553201502365,0.162340301940983,0.000716842733707286,0.161241264231684,0.138738999999976,"continuous","continuous",FALSE,"normal",300
"s20","cmaverse-gcomp","pnde","logor",0.369467750712575,1000,0,0,0.0158198268402428,0.00478957529807535,0.15145966966798,0.00338843581394602,0.165243616438386,0.16243133760007,0,0.246872843940038,0.152208273183993,0.00393413814684315,0.951,0.00682634602111555,0.609895076238551,0.00187166939595552,0.60707395220966,10.2554119999999,"binary","continuous",FALSE,"normal",300
"s20","medflex-impute","pnde","clogor",0.38618080131665,1000,0,0,0.0284729493026752,0.00508976530184959,0.160952511095391,0.00360080841411914,0.171519867681067,0.169347828831887,0,0.246691156638653,0.163372316991211,0.00409083000521602,0.973,0.00512552436341883,0.669578168670559,0.00192803019864679,0.663831290741106,11.21178,"binary","continuous",FALSE,"normal",300
"s20","medflex-weight","pnde","clogor",0.38618080131665,1000,0,0,0.0586913116296297,0.00640661047103002,0.20259481169939,0.00453242448756636,2229761561780.26,0.189275382277211,0.008,64227249980777.6,0.210827614724898,0.00507368666396274,0.93,0.00806845710157772,522455826277.551,276042862911.388,0.741945864846769,10.041168,"binary","continuous",FALSE,"normal",300
"s20","mediation-boot","pnde","rd",0.0856763769037782,1000,0,0,0.00366408199741135,0.00114883913684729,0.0363294833757929,0.000812758425015355,0.0370306278894559,0.0366449743263723,0,0.0530700222107183,0.0364957124587727,0.000969558371667541,0.957,0.00641490451994416,0.143759964774517,0.000498472747065606,0.143066203885036,7.60613600000005,"binary","continuous",FALSE,"normal",300
"s20","mediation-qb","pnde","rd",0.0856763769037782,1000,0,0,0.00382186927934329,0.00112698001897436,0.0356382373745875,0.000797293960370305,0.0355671527629171,0.0350855877749883,0,0.0481623058736621,0.0358248595809204,0.000942037102152554,0.961,0.00612200947402077,0.138034530233968,0.000422150195026351,0.136778828058803,2.60696299999997,"binary","continuous",FALSE,"normal",300
"s20","regmedint-delta","pnde","clogor",0.38618080131665,1000,0,0,0.0363670131893869,0.00506941129988025,0.160308861038165,0.00358640875967426,0.163089266717701,0.161519065374854,0,0.234085575733417,0.164303961135279,0.00417862385308059,0.954,0.00662449998113065,0.637507695760148,0.00151274145463857,0.633143101902567,0.0152290000000794,"binary","continuous",FALSE,"normal",300
"s20","cmaverse-gcomp","tnie","logor",0.184064109847679,1000,0,0,-0.00187860251155457,0.00243798326381339,0.0770958001102148,0.00172477710251802,0.0778262467474424,0.0767178074986027,0,0.118506912985568,0.0770801386845923,0.00186217406723462,0.938,0.00762600813007697,0.299048180461101,0.00120614462063701,0.297777899452882,10.2554119999999,"binary","continuous",FALSE,"normal",300
"s20","medflex-impute","tnie","clogor",0.192705508870897,1000,0,0,-0.000749975338884899,0.00270006051712583,0.0853834105440969,0.00191018643338319,0.0875566786763617,0.0863625364437115,0,0.136404786188647,0.0853440034938284,0.00206401434616969,0.956,0.00648567652600714,0.340175267469953,0.00144222165841975,0.338534922086405,11.21178,"binary","continuous",FALSE,"normal",300
"s20","medflex-weight","tnie","clogor",0.192705508870897,1000,0,0,-0.00484189099343139,0.00341712526215757,0.108058988785179,0.0024174814881159,2430417009857.84,0.0934572645192883,0.008,74466894280860.9,0.108113422943733,0.00263079509575562,0.916,0.00877177291087725,460283530109.029,301070834851.395,0.366345745102876,10.041168,"binary","continuous",FALSE,"normal",300
"s20","mediation-boot","tnie","rd",0.0451770906628603,1000,0,0,-0.000866514143430386,0.000586551465886944,0.018548385971133,0.000414962051965759,0.018494840022845,0.0181424831848083,0,0.0287879606704956,0.0185593487566982,0.00044604228983937,0.945,0.00720936890441875,0.0718652270502892,0.000299227392031778,0.0710074764798277,7.60613600000005,"binary","continuous",FALSE,"normal",300
"s20","mediation-qb","tnie","rd",0.0451770906628603,1000,0,0,-0.0021724010283748,0.000572006393500106,0.0180884303963887,0.000404671986328456,0.0179621532311272,0.0176604602145878,0,0.0278950316004929,0.0182094329708225,0.000431298248325107,0.937,0.00768316341099159,0.069752186204769,0.000274171254157149,0.0689852636043283,2.60696299999997,"binary","continuous",FALSE,"normal",300
"s20","regmedint-delta","tnie","clogor",0.192705508870897,1000,0,0,0.0112590711867322,0.00294661274736147,0.0931800766414855,0.00208461242210799,0.0895896811839968,0.0879475077201674,0,0.133141681732663,0.0938115709292734,0.00256187644811364,0.949,0.00695693898205238,0.347657821124042,0.0015708212041334,0.344747895323173,0.0152290000000794,"binary","continuous",FALSE,"normal",300
"s21","cmaverse-gcomp","pnde","md",0.445,1000,0,0,-0.00417460174291846,0.00425889969928988,0.134678233759622,0.00301300373644334,0.130264109432859,0.129746363432008,0,0.162428851590722,0.134675594380254,0.00289054448791079,0.946,0.00714730718522718,0.507381543998914,0.00108385453977633,0.506888860037133,8.84945899999997,"continuous","binary",TRUE,"normal",300
"s21","lavaan-boot","pnde","md",0.445,1000,0,0,0.0705170648139697,0.00401509876039663,0.12696857113372,0.00284052417794229,0.124056397511594,0.12374572264971,0,0.14690402725192,0.145181105752988,0.00324299772960589,0.909,0.00909499862561837,0.48740478075941,0.000943766621641886,0.486781200939866,20.429761,"continuous","binary",TRUE,"normal",300
"s21","lavaan-delta","pnde","md",0.445,1000,0,0,0.0705170648139697,0.00401509876039663,0.12696857113372,0.00284052417794229,0.123034961637168,0.1230302026935,0,0.138748035769585,0.145181105752988,0.00324299772960589,0.907,0.00918428004799505,0.481800351274704,0.000686139858164708,0.482269532579847,0.0417530000000952,"continuous","binary",TRUE,"normal",300
"s21","medflex-impute","pnde","md",0.445,1000,0,0,-0.0037304685483661,0.00423880418761513,0.134042757883235,0.00299878695369735,0.128779708452577,0.128538342438196,0,0.155268423894202,0.134027645937668,0.00288313235479159,0.944,0.00727076337120113,0.503828813589863,0.000993883495972875,0.503861043622682,6.24033699999998,"continuous","binary",TRUE,"normal",300
"s21","medflex-weight","pnde","md",0.445,1000,0,0,0.00430245755687739,0.004470080494626,0.141356356873102,0.00316240582861257,0.139978599100074,0.135417120311003,0,0.321181310171143,0.141351155459855,0.0032388265365484,0.938,0.00762600813007697,0.544263743547184,0.00220457257156346,0.530825357399388,7.181359,"continuous","binary",TRUE,"normal",300
"s21","mediation-boot","pnde","md",0.445,1000,0,0,-0.0036993027034831,0.00424106333810133,0.13411419849437,0.00300038521365573,0.130008175942639,0.129553372064857,0,0.157703423869027,0.134098159793643,0.00289269757669758,0.943,0.00733150734842434,0.506357898529806,0.00108193274347707,0.505738519386751,6.50168400000002,"continuous","binary",TRUE,"normal",300
"s21","mediation-qb","pnde","md",0.445,1000,0,0,-0.00364467635303587,0.00422689000192037,0.133665998250619,0.00299035813673766,0.130363709666598,0.130152040924339,0,0.155990205025009,0.133648853923124,0.00288626659492959,0.946,0.00714730718522718,0.507713469928717,0.000966554692118426,0.50733189169449,2.37683600000002,"continuous","binary",TRUE,"normal",300
"s21","regmedint-delta","pnde","md",0.445,1000,0,0,-0.00342971344972051,0.00420870730058024,0.133091010748125,0.00297749459193862,0.128661431505379,0.12860232045432,0,0.146489419851274,0.133068654683072,0.00286289185104811,0.945,0.00720936890441875,0.503707314406214,0.000801245081600306,0.504111832837493,0.011441000000028,"continuous","binary",TRUE,"normal",300
"s21","robmed-mm","pnde","md",0.445,1000,0,0,0.0703848561694646,0.00440572180934066,0.139321156545946,0.00311687459450775,NA,NA,NA,NA,0.156028850712408,0.00333191054651913,0.905,0.00927227048785787,0.530150324239437,0.00169886679760606,0.531978287675399,0.140735999999953,"continuous","binary",TRUE,"normal",300
"s21","cmaverse-gcomp","tnie","md",0.35,1000,0,0,-0.00305753709518916,0.00294976048822734,0.0932796169476869,0.00208683932474949,0.0939751342356774,0.0927697535126927,0,0.125503932096709,0.0932830873420136,0.00214426761462944,0.953,0.00669260786241059,0.364248851439311,0.00140502690346195,0.36254911408007,8.84945899999997,"continuous","binary",TRUE,"normal",300
"s21","lavaan-boot","tnie","md",0.35,1000,0,0,-0.0771741050966927,0.00231785212261808,0.07329691986929,0.0016397890532937,0.0730307252595989,0.0717660077412127,0,0.0983793115654831,0.10640915619127,0.00184116775156117,0.8,0.0126491106406735,0.286119267849096,0.00102637558347022,0.284346257220116,20.429761,"continuous","binary",TRUE,"normal",300
"s21","lavaan-delta","tnie","md",0.35,1000,0,0,-0.0771741050966927,0.00231785212261808,0.07329691986929,0.0016397890532937,0.0718331321323992,0.0712326533937664,0,0.0968786310455962,0.10640915619127,0.00184116775156117,0.77,0.0133078923951165,0.280057738352558,0.000925317311350052,0.279226870350014,0.0417530000000952,"continuous","binary",TRUE,"normal",300
"s21","medflex-impute","tnie","md",0.35,1000,0,0,-0.00288109465760756,0.0029963755221323,0.0947537137511435,0.00211981762460321,0.0952971331193063,0.0937426220933839,0,0.147822821957332,0.094750138310137,0.00217459571094198,0.948,0.00702111102319284,0.370774164958019,0.00144017202807513,0.367464326238762,6.24033699999998,"continuous","binary",TRUE,"normal",300
"s21","medflex-weight","tnie","md",0.35,1000,0,0,-0.0104253066942009,0.00325121495237507,0.102812444123011,0.00230010648081707,0.105715525409852,0.0995211198675191,0,0.297983853408229,0.103288505108501,0.00272314393134844,0.946,0.00714730718522718,0.404207676333603,0.00288956406538238,0.390115621282862,7.181359,"continuous","binary",TRUE,"normal",300
"s21","mediation-boot","tnie","md",0.35,1000,0,0,-0.00305753709518916,0.00294976048822734,0.0932796169476869,0.00208683932474949,0.0940548197711444,0.0929212737383548,0,0.126556669325948,0.0932830873420136,0.00214426761462944,0.95,0.00689202437604511,0.364769623481896,0.00138229984888904,0.362413284466936,6.50168400000002,"continuous","binary",TRUE,"normal",300
"s21","mediation-qb","tnie","md",0.35,1000,0,0,-0.00302912631852894,0.00295576956066069,0.0934696405028301,0.00209109050673841,0.093841386469097,0.0929246745160573,0,0.127658177789504,0.0934719890035842,0.00214634369359399,0.948,0.00702111102319284,0.364200654678317,0.00133785694931257,0.362843092544955,2.37683600000002,"continuous","binary",TRUE,"normal",300
"s21","regmedint-delta","tnie","md",0.35,1000,0,0,-0.00305753709518917,0.00294976048822734,0.0932796169476869,0.00208683932474949,0.0934079482438381,0.092671767058013,0,0.122191756328917,0.0932830873420136,0.00214426761462944,0.95,0.00689202437604511,0.363929712075201,0.00127451567891177,0.363266651634782,0.011441000000028,"continuous","binary",TRUE,"normal",300
"s21","robmed-mm","tnie","md",0.35,1000,0,0,-0.0759387502797568,0.00252222718628704,0.0797598268506486,0.0017843763584545,NA,NA,NA,NA,0.110099782666986,0.00193930503461846,0.829,0.0119062588582644,0.313741995557783,0.0012400624014841,0.311265668119727,0.140735999999953,"continuous","binary",TRUE,"normal",300
"s22","cmaverse-gcomp","pnde","logor",0.434530633250415,1000,0,0,-0.00698448363432841,0.00773141901270832,0.244488936252886,0.00546967433329867,0.263398153606807,0.262048740286384,0,0.313301559748042,0.24446645602568,0.0055753471452793,0.947,0.00708456067798138,0.970354278332206,0.00162472114403941,0.968265119325169,9.84822799999993,"binary","binary",TRUE,"normal",300
"s22","medflex-impute","pnde","logor",0.434530633250415,1000,0,0,-0.00643978848857028,0.00773817266414043,0.244702505463369,0.00547445227559277,0.247810171761372,0.247162797615194,0,0.296141100493124,0.244664888653128,0.00558754057932808,0.951,0.00682634602111555,0.970203315132695,0.0015238008285089,0.968860363287883,7.76144700000002,"binary","binary",TRUE,"normal",300
"s22","medflex-weight","pnde","logor",0.434530633250415,1000,0,0,-0.000685234674218973,0.00782674227265673,0.247503322407179,0.00553711178397223,0.253521073375163,0.251421218657319,0,0.337655766216244,0.247380488831573,0.00554035877217841,0.962,0.00604615580348373,0.992129629672744,0.00181367423754219,0.985553067035031,8.19493199999998,"binary","binary",TRUE,"normal",300
"s22","mediation-boot","pnde","rd",0.101515643610063,1000,0,0,-0.00233694720285068,0.00178750973560523,0.056526021042379,0.0012645927099916,0.0566886244618608,0.0565827803245015,0,0.0658050856550162,0.056546062515948,0.00128299115663256,0.947,0.00708456067798138,0.2208206928827,0.000341114008343028,0.220554995588104,7.21229800000007,"binary","binary",TRUE,"normal",300
"s22","mediation-qb","pnde","rd",0.101515643610063,1000,0,0,-0.00301016622226883,0.00175307368954277,0.0554370576507006,0.00124023056418389,0.0558566002337907,0.0557707634457413,0,0.0634632292263892,0.0554910370626809,0.00125661383074409,0.954,0.00662449998113065,0.21783575242903,0.00031489853187286,0.217711473371465,2.50531599999991,"binary","binary",TRUE,"normal",300
"s22","regmedint-delta","pnde","clogor",0.451099943453182,1000,0,0,0.166541089283289,0.00882216556856706,0.278981370917863,0.00624133454611445,0.282023531134975,0.276500297970474,0,0.415932814696504,0.324790254061841,0.00711592238129217,0.924,0.00837997613361756,1.10240002029322,0.0026225360045674,1.08386125147344,0.0147930000000488,"binary","binary",TRUE,"normal",300
"s22","cmaverse-gcomp","tnie","logor",0.297934003915237,1000,0,0,-0.00257332234165844,0.00308866204330033,0.0976720697933865,0.00218510670223727,0.107581171661822,0.106331866309412,0,0.167988169376539,0.0976571317026079,0.00233489669335825,0.957,0.00641490451994416,0.400026097725084,0.00192226665380092,0.399581308063775,9.84822799999993,"binary","binary",TRUE,"normal",300
"s22","medflex-impute","tnie","logor",0.297934003915237,1000,0,0,-0.00221981509482489,0.00314086764895871,0.0993229559984771,0.0022220401113378,0.105874210347628,0.10450806676527,0,0.161388733975667,0.0992980972513691,0.00234142352414945,0.947,0.00708456067798138,0.410205928567589,0.00199400943839959,0.409664093907672,7.76144700000002,"binary","binary",TRUE,"normal",300
"s22","medflex-weight","tnie","logor",0.297934003915237,1000,0,0,-0.00849799578118428,0.0034185443544633,0.10810386442414,0.00241848544000992,0.114506384460863,0.110662294078142,0,0.225642591976278,0.108383462715612,0.00258864120431025,0.946,0.00714730718522718,0.440330258922045,0.00275486124331382,0.433788221679478,8.19493199999998,"binary","binary",TRUE,"normal",300
"s22","mediation-boot","tnie","rd",0.0739603125523154,1000,0,0,-0.00116093384502662,0.000754339778454452,0.0238543182958288,0.000533665672241605,0.0251184224685962,0.0249197263274493,0,0.0363953877355933,0.0238706355225386,0.000553776391020802,0.957,0.00641490451994416,0.0967420473370194,0.000444196779562234,0.0966848535999731,7.21229800000007,"binary","binary",TRUE,"normal",300
"s22","mediation-qb","tnie","rd",0.0739603125523154,1000,0,0,-0.00309288381959525,0.000736781591592138,0.0232990796751512,0.000521243946829725,0.024652572007438,0.0245618564660448,0,0.0370771273064361,0.0234919176934717,0.000527881920352417,0.955,0.00655553201502365,0.0949029435562739,0.000426542908637012,0.0953824072370406,2.50531599999991,"binary","binary",TRUE,"normal",300
"s22","regmedint-delta","tnie","clogor",0.315251907081195,1000,0,0,0.0424039338233483,0.00414962336353192,0.131222612606098,0.00293569503438622,0.135899530390109,0.1313569455032,0,0.235993797786999,0.137841388156119,0.00379190982520327,0.96,0.00619677335393187,0.521514077319891,0.00343825825303309,0.514909764610924,0.0147930000000488,"binary","binary",TRUE,"normal",300
"s23","cmaverse-gcomp","pnde","md",0.445,1000,0,0,0.000479214816501321,0.00227216710935241,0.0718522329007449,0.00160746870639944,0.0703064613377733,0.0699089271759522,0,0.087055251570556,0.071817896629534,0.00157495672290815,0.944,0.00727076337120113,0.273594495774571,0.000690881974611689,0.272640317299538,9.02639199999993,"continuous","continuous",TRUE,"normal",300
"s23","lavaan-boot","pnde","md",0.445,1000,0,0,0.00149149517714002,0.00256997043919316,0.0812696010715366,0.00181815282879967,0.0777115278130547,0.0768737370978693,0,0.105109510012222,0.0812426480866534,0.00180409602290433,0.935,0.0077958322198467,0.304542365594193,0.000905536254098135,0.303118675535201,20.467375,"continuous","continuous",TRUE,"normal",300
"s23","lavaan-delta","pnde","md",0.445,1000,0,0,0.00149149517714002,0.00256997043919316,0.0812696010715366,0.00181815282879967,0.071442027009424,0.0711796124743865,0,0.083658362845308,0.0812426480866534,0.00180409602290433,0.922,0.00848033018225116,0.279577956783754,0.000512920408290851,0.279018953766631,0.0425820000000458,"continuous","continuous",TRUE,"normal",300
"s23","medflex-impute","pnde","md",0.445,1000,0,0,-0.000874059959507929,0.00222664742844982,0.0704127742005822,0.00157526532563795,0.0685914119024296,0.0681502435559573,0,0.0891015155612257,0.0703829865284528,0.00158601003977023,0.94,0.00750999334220744,0.267994133807554,0.00068739998572512,0.267144045814618,5.88993699999999,"continuous","continuous",TRUE,"normal",300
"s23","medflex-weight","pnde","md",0.445,1000,0,0,0.0186367415569289,0.00317526235116993,0.100410611982784,0.00224637300799971,0.0848301966721448,0.0782178514062687,0.001,0.359029405961697,0.102076132585528,0.00278543576576804,0.879,0.0103130499853341,0.323600485637066,0.00242149404260828,0.306608343408784,6.64167399999999,"continuous","continuous",TRUE,"normal",300
"s23","mediation-boot","pnde","md",0.445,1000,0,0,-0.00083624223581828,0.00226503471318093,0.0716266867299796,0.00160242281712479,0.0701135341979639,0.0697332453640321,0,0.0921700965786415,0.0715957482727829,0.00157328827422425,0.949,0.00695693898205238,0.273115150406138,0.00066581305261047,0.272055223720651,6.66975900000002,"continuous","continuous",TRUE,"normal",300
"s23","mediation-qb","pnde","md",0.445,1000,0,0,-0.000336471126629228,0.00220552991465798,0.0697449797795601,0.00156032551666105,0.070118315360575,0.0698853416456742,0,0.0827119810403354,0.069710910588414,0.00156877843582414,0.946,0.00714730718522718,0.273019436317595,0.000527956038250291,0.272175106067569,2.408834,"continuous","continuous",TRUE,"normal",300
"s23","regmedint-delta","pnde","md",0.445,1000,0,0,-0.000383946554817032,0.0021953461152078,0.0694229397645907,0.00155312087979212,0.0678847964710215,0.0675494082224484,0,0.0788045290117506,0.0693892818520943,0.00155847215420445,0.948,0.00702111102319284,0.265702441777755,0.000462066261479639,0.264788814585985,0.0117810000001155,"continuous","continuous",TRUE,"normal",300
"s23","robmed-mm","pnde","md",0.445,1000,0,0,0.000448602297236728,0.00285402676443583,0.0902522507869807,0.00201911148707923,NA,NA,NA,NA,0.0902082288229019,0.00216499874493212,0.925,0.00832916562447884,0.33382033959152,0.0016323105813242,0.334145960704141,0.140247999999934,"continuous","continuous",TRUE,"normal",300
"s23","cmaverse-gcomp","tnie","md",0.35,1000,0,0,0.00127333705837891,0.00170464372670613,0.0539055677550896,0.00120596827361927,0.0542568775730113,0.0537138559057863,0,0.0735699841294523,0.0538936527990801,0.0012557801605741,0.955,0.00655553201502365,0.210164824330666,0.000690880979278543,0.209450583663998,9.02639199999993,"continuous","continuous",TRUE,"normal",300
"s23","lavaan-boot","tnie","md",0.35,1000,0,0,-0.149633681568107,0.00136232867179066,0.0430806152461046,0.000963793859492291,0.0425722525765683,0.0415879032564868,0,0.0706352696253029,0.155705883415491,0.00126015282905684,0.123,0.0103860964755773,0.165938386772614,0.000728186144676575,0.164266081390709,20.467375,"continuous","continuous",TRUE,"normal",300
"s23","lavaan-delta","tnie","md",0.35,1000,0,0,-0.149633681568107,0.00136232867179066,0.0430806152461046,0.000963793859492291,0.0399057924335013,0.0395272841237475,0,0.0534949803428297,0.155705883415491,0.00126015282905684,0.083,0.00872416185085994,0.155564154782866,0.000519355433263344,0.154944106578454,0.0425820000000458,"continuous","continuous",TRUE,"normal",300
"s23","medflex-impute","tnie","md",0.35,1000,0,0,0.00205900437589642,0.00184983692836937,0.0584969799353696,0.00130868674317855,0.0580854342749017,0.0574259864332664,0,0.077852626546706,0.0585039679331021,0.00139433325650358,0.951,0.00682634602111555,0.226243823561572,0.000810834757189009,0.225105730371776,5.88993699999999,"continuous","continuous",TRUE,"normal",300
"s23","medflex-weight","tnie","md",0.35,1000,0,0,-0.0278002493291912,0.00238543597164197,0.0754341088288544,0.00168760196367198,0.0650750234038208,0.0578821931896423,0.002,0.349608912349233,0.0803583743787406,0.00249329776079574,0.836,0.0117091417277271,0.243289194693829,0.00242628498018034,0.226894027995777,6.64167399999999,"continuous","continuous",TRUE,"normal",300
"s23","mediation-boot","tnie","md",0.35,1000,0,0,0.00127333705837891,0.00170464372670613,0.0539055677550896,0.00120596827361927,0.0542126205464098,0.0535892299922017,0,0.0768405660303811,0.0538936527990801,0.0012557801605741,0.954,0.00662449998113065,0.210459292637046,0.000699964346123686,0.209189428457573,6.66975900000002,"continuous","continuous",TRUE,"normal",300
"s23","mediation-qb","tnie","md",0.35,1000,0,0,0.0013188965588935,0.00170483704405534,0.053911680986437,0.00120610503802713,0.0541660182441526,0.0535940236511562,0,0.0717445578564254,0.0539008568166558,0.00125377965701717,0.955,0.00655553201502365,0.210512289386243,0.000578611661375754,0.209439725309177,2.408834,"continuous","continuous",TRUE,"normal",300
"s23","regmedint-delta","tnie","md",0.35,1000,0,0,0.00127333705837891,0.00170464372670613,0.0539055677550896,0.00120596827361927,0.0540458566052053,0.0536030192729239,0,0.0720482605215886,0.0538936527990801,0.0012557801605741,0.959,0.00627048642451286,0.211159126572977,0.000543162767111671,0.210119974475074,0.0117810000001155,"continuous","continuous",TRUE,"normal",300
"s23","robmed-mm","tnie","md",0.35,1000,0,0,-0.149597665567434,0.00150229195123405,0.047506642764382,0.00106281236514015,NA,NA,NA,NA,0.156952495261661,0.00139547022651351,0.18,0.01214907403879,0.182717812535132,0.000912238690339962,0.182084562582043,0.140247999999934,"continuous","continuous",TRUE,"normal",300
"s24","cmaverse-gcomp","pnde","logor",0.434530633250415,1000,0,0,0.0200945745719553,0.00472702233000746,0.149481571132997,0.00334418205362722,0.159592549715829,0.156861819740951,0,0.241693553588898,0.150752072276001,0.00350356448476016,0.94,0.00750999334220744,0.588548802444557,0.00176376405260528,0.58196838573295,10.468811,"binary","continuous",TRUE,"normal",300
"s24","medflex-impute","pnde","clogor",0.451099943453182,1000,0,0,0.0188242199331899,0.00499332066920542,0.157902664022853,0.00353257763644545,0.165242072924291,0.16338584202415,0,0.23517207207579,0.158942345868877,0.00368927763288032,0.968,0.00556560868189635,0.645291405670725,0.0017791623230108,0.640460731902169,11.062915,"binary","continuous",TRUE,"normal",300
"s24","medflex-weight","pnde","clogor",0.451099943453182,1000,0,0,0.047547438270147,0.00619316374608186,0.195845033599994,0.00438141933947433,1721775564090.42,0.185838187025432,0.004,49842293486215.4,0.201439025004219,0.00496879430276905,0.942,0.00739161687318817,320100383154.984,213296085560.285,0.728472307044132,9.90548600000001,"binary","continuous",TRUE,"normal",300
"s24","mediation-boot","pnde","rd",0.101515643610063,1000,0,0,0.00464230237402011,0.0011353894925918,0.0359041682801296,0.000803243331621076,0.035850718637213,0.0353959017365734,0,0.0513165523365674,0.0361852340315744,0.000843712039286378,0.94,0.00750999334220744,0.139101676282677,0.000444967257363881,0.137817434947441,7.72170200000006,"binary","continuous",TRUE,"normal",300
"s24","mediation-qb","pnde","rd",0.101515643610063,1000,0,0,0.00422176286901683,0.00110287318413717,0.0348759123219573,0.000780239324533167,0.0347220690742238,0.0343816530658806,0,0.0445908366323147,0.0351131914349973,0.000811848182719367,0.948,0.00702111102319284,0.134828858683585,0.000389759928154463,0.133759184837485,2.68527099999992,"binary","continuous",TRUE,"normal",300
"s24","regmedint-delta","pnde","clogor",0.451099943453182,1000,0,0,0.200261113578238,0.00587086594977109,0.185653082388043,0.00415340634712945,0.186284436610306,0.179184575024458,0,0.332013092269711,0.273014859567711,0.00568924251796328,0.863,0.0108734079294396,0.723438795696041,0.00314161179650459,0.702390627266105,0.0156550000000716,"binary","continuous",TRUE,"normal",300
"s24","cmaverse-gcomp","tnie","logor",0.297934003915237,1000,0,0,-0.000627288197575535,0.00247958645144847,0.0784114084187167,0.00175420971860272,0.0780871927593327,0.0768431975156186,0,0.116659201463999,0.0783747032639959,0.00170062478301515,0.941,0.00745110730026082,0.299347952113962,0.00111832466631159,0.297427028252129,10.468811,"binary","continuous",TRUE,"normal",300
"s24","medflex-impute","tnie","clogor",0.315251907081195,1000,0,0,0.00350177701053808,0.00275232354921431,0.0870361127323577,0.00194716046942041,0.089095416092189,0.0873987709401705,0,0.127605429682501,0.0870630350773028,0.00201889144603418,0.957,0.00641490451994416,0.34651024780921,0.00138074259673931,0.3425968866716,11.062915,"binary","continuous",TRUE,"normal",300
"s24","medflex-weight","tnie","clogor",0.315251907081195,1000,0,0,-0.0131282636754043,0.00333661908389318,0.105513159894869,0.00236052653894022,1951550680285.91,0.0963958175217713,0.004,58276057966508.2,0.106274386336596,0.00240028713186077,0.919,0.00862780389206894,346670942689.873,241784680951.129,0.377864661205934,9.90548600000001,"binary","continuous",TRUE,"normal",300
"s24","mediation-boot","tnie","rd",0.0739603125523154,1000,0,0,-0.00072558656922914,0.000611524157602029,0.0193380918223818,0.000432629247429213,0.0187913985609514,0.0185221009855407,0,0.0265111306906357,0.0193420347793345,0.000419536696635872,0.939,0.00756828910652864,0.0729321350552154,0.000273815308448104,0.0724014521035029,7.72170200000006,"binary","continuous",TRUE,"normal",300
"s24","mediation-qb","tnie","rd",0.0739603125523154,1000,0,0,-0.00259243716187876,0.000596349231175429,0.0188582185140465,0.000421893584875051,0.018616909355309,0.0184967678749728,0,0.0269167111977186,0.0190262319852432,0.000402783842532026,0.942,0.00739161687318817,0.0724334792642502,0.000250881369176313,0.0725530969591318,2.68527099999992,"binary","continuous",TRUE,"normal",300
"s24","regmedint-delta","tnie","clogor",0.315251907081195,1000,0,0,0.0436292290601552,0.0034731772104883,0.109831507025331,0.00245713603311108,0.106149051341048,0.104123660586163,0,0.159420610214779,0.118128771279072,0.00300105372455576,0.947,0.00708456067798138,0.411729465315264,0.00190233438910156,0.408157249374705,0.0156550000000716,"binary","continuous",TRUE,"normal",300
"s25","cmaverse-gcomp","pnde","md",0.4,1000,0,0,-0.00237597804460394,0.00399266422185266,0.126259128733182,0.00282465262584408,0.126222966459862,0.118325108226203,0,0.369731181155323,0.126218348478113,0.00302616965553416,0.946,0.00714730718522718,0.482878961885827,0.00305807091353774,0.461647242042239,8.72293700000003,"continuous","binary",FALSE,"t3",300
"s25","lavaan-boot","pnde","md",0.4,1000,0,0,-0.00129148102468913,0.00389590287515981,0.123199266283036,0.00275619778545949,0.120699432557227,0.114171249740582,0,0.317659960271757,0.123144423652486,0.00304355091958353,0.952,0.00675988165576884,0.467300424516693,0.00282967739848087,0.450362577851238,20.495518,"continuous","binary",FALSE,"t3",300
"s25","lavaan-delta","pnde","md",0.4,1000,0,0,-0.00129148102468913,0.00389590287515981,0.123199266283036,0.00275619778545949,0.120832166500842,0.114771986471506,0,0.31911695782768,0.123144423652486,0.00304355091958353,0.955,0.00655553201502365,0.46576986449163,0.00272275222005915,0.449897919836539,0.040943999999985,"continuous","binary",FALSE,"t3",300
"s25","medflex-impute","pnde","md",0.4,1000,0,0,-0.00183325913742008,0.0039971628512528,0.126401387885717,0.00282783522889851,0.125500798713031,0.118397903803803,0,0.328082670313613,0.126351471648101,0.00303777427217998,0.953,0.00669260786241059,0.482390488107841,0.00305410743487648,0.464111254600985,6.30542,"continuous","binary",FALSE,"t3",300
"s25","medflex-weight","pnde","md",0.4,1000,0,0,-0.0704944307191027,0.0106886492776946,0.338004768282285,0.00756179823079562,0.248827788484343,0.139752171767121,0.008,2.58081333946321,0.345112214968682,0.047620346576425,0.918,0.00867617427210864,0.728176237028066,0.0205319444548158,0.547818446849624,7.284234,"continuous","binary",FALSE,"t3",300
"s25","mediation-boot","pnde","md",0.4,1000,0,0,-0.00198395358935352,0.00398938950825066,0.126155573196512,0.0028223358949945,0.126135620203171,0.118332329089362,0,0.375869426235311,0.126108086543792,0.00304653037479125,0.944,0.00727076337120113,0.483200644083378,0.00309578065041865,0.464428995326319,6.41869799999999,"continuous","binary",FALSE,"t3",300
"s25","mediation-qb","pnde","md",0.4,1000,0,0,-0.00202450482283917,0.0039922713843828,0.126246706121632,0.00282437470881196,0.126767096828873,0.119849393353081,0,0.350924926953599,0.126199806638255,0.00305562114698746,0.954,0.00662449998113065,0.486392302497376,0.00294770888584939,0.468711538893672,2.34307799999996,"continuous","binary",FALSE,"t3",300
"s25","regmedint-delta","pnde","md",0.4,1000,0,0,-0.00193832341496378,0.00400207754741733,0.126556804224593,0.00283131218279571,0.126338794438796,0.119494827903897,0,0.337501429651045,0.126508360073583,0.00304708712399255,0.955,0.00655553201502365,0.486713275596099,0.00289485903583814,0.4684111180609,0.0111600000000144,"continuous","binary",FALSE,"t3",300
"s25","robmed-mm","pnde","md",0.4,1000,0,0,-0.00248381533481447,0.00292266564514149,0.0924228027777253,0.00206767079080406,NA,NA,NA,NA,0.0924099661153193,0.002106943953008,0.946,0.00714730718522718,0.354437432045798,0.00105870920306387,0.351824895046353,0.139008999999958,"continuous","binary",FALSE,"t3",300
"s25","cmaverse-gcomp","tnie","md",0.2,1000,0,0,-0.0029506427180091,0.00198366257213541,0.0627289183717594,0.00140336311340775,0.0657159014435894,0.0607515763251506,0,0.167414177072768,0.0627669385531914,0.00175306801084869,0.94,0.00750999334220744,0.248070107642052,0.00200652261486308,0.237074254371153,8.72293700000003,"continuous","binary",FALSE,"t3",300
"s25","lavaan-boot","tnie","md",0.2,1000,0,0,-0.00354139936240027,0.00175346100630129,0.0554493056820293,0.00124050457553025,0.0571077434503862,0.0532328592516684,0.001,0.240672380270914,0.0555346052886172,0.00144517719557343,0.943,0.00733150734842434,0.218136817090801,0.00162168129022742,0.208809058224564,20.495518,"continuous","binary",FALSE,"t3",300
"s25","lavaan-delta","tnie","md",0.2,1000,0,0,-0.00354139936240027,0.00175346100630129,0.0554493056820293,0.00124050457553025,0.0557169670567278,0.0541859904793223,0,0.11992961059909,0.0555346052886172,0.00144517719557343,0.938,0.00762600813007697,0.215122654779707,0.00119376154454256,0.212405179612204,0.040943999999985,"continuous","binary",FALSE,"t3",300
"s25","medflex-impute","tnie","md",0.2,1000,0,0,-0.00252842204142906,0.00200008113853469,0.0632481190291238,0.00141497860224313,0.0667591562874097,0.0618736051876995,0,0.178946132057548,0.0632670305465735,0.00177067070346525,0.932,0.00796090447122687,0.25384722912685,0.00201192831011668,0.242540075523083,6.30542,"continuous","binary",FALSE,"t3",300
"s25","medflex-weight","tnie","md",0.2,1000,0,0,0.0661402978330976,0.00992412441020867,0.313828369191346,0.00702092700935713,0.22713915617711,0.0865594699261536,0.009,2.58298784163686,0.320568707239869,0.0503685992864763,0.878,0.0103496859855746,0.548354484893325,0.0221936275932292,0.339306887152278,7.284234,"continuous","binary",FALSE,"t3",300
"s25","mediation-boot","tnie","md",0.2,1000,0,0,-0.0029506427180091,0.00198366257213541,0.0627289183717594,0.00140336311340775,0.0657707922738188,0.0609046370926557,0,0.17871994611736,0.0627669385531914,0.00175306801084869,0.94,0.00750999334220744,0.248015856438282,0.00198919450944722,0.238007209712396,6.41869799999999,"continuous","binary",FALSE,"t3",300
"s25","mediation-qb","tnie","md",0.2,1000,0,0,-0.00301360914761158,0.00198246179093979,0.062690946336263,0.00140251360802268,0.0657221021472489,0.0626360865014395,0,0.156538176693527,0.0627320208336878,0.0017323124196975,0.947,0.00708456067798138,0.25030848135071,0.00168851414740829,0.24420234141421,2.34307799999996,"continuous","binary",FALSE,"t3",300
"s25","regmedint-delta","tnie","md",0.2,1000,0,0,-0.00295064271800911,0.00198366257213541,0.0627289183717594,0.00140336311340775,0.0649909962909054,0.0618458870630824,0,0.157158902670301,0.0627669385531914,0.00175306801084869,0.933,0.00790638982089803,0.249365887120157,0.00164986249912468,0.242431422471146,0.0111600000000144,"continuous","binary",FALSE,"t3",300
"s25","robmed-mm","tnie","md",0.2,1000,0,0,-0.00156385639495996,0.0013294730889304,0.0420416304891967,0.000940549829129829,NA,NA,NA,NA,0.0420496949135189,0.00101501045364715,0.953,0.00669260786241059,0.167355118470183,0.000826970917352072,0.164511332776178,0.139008999999958,"continuous","binary",FALSE,"t3",300
"s26","cmaverse-gcomp","pnde","logor",0.371667608962379,1000,0,0,0.00455478956600001,0.00821955748947938,0.259925230254503,0.00581501307294032,0.274040684584195,0.273007827092279,0,0.341892189350282,0.259835159871647,0.00593092874815967,0.94,0.00750999334220744,1.00775903519114,0.00181371797378043,1.00700821713621,9.70527599999993,"binary","binary",FALSE,"t3",300
"s26","medflex-impute","pnde","logor",0.371667608962379,1000,0,0,0.00616216770491857,0.00827764732799931,0.261762192240847,0.0058561093449514,0.260440505749288,0.259726134742202,0,0.310405045319215,0.261703836716757,0.00597961413119868,0.947,0.00708456067798138,1.01957501769357,0.00165005967896945,1.01810773987702,7.78976399999999,"binary","binary",FALSE,"t3",300
"s26","medflex-weight","pnde","logor",0.371667608962379,1000,0,0,-0.0249603182893536,0.0102835625233912,0.325194800346647,0.00727521531255894,0.306263221714899,0.27229289330029,0.004,1.13099831602282,0.32598914706387,0.0162032637756728,0.949,0.00695693898205238,1.1557912105802,0.0102724839746477,1.06736852822955,8.26935000000005,"binary","binary",FALSE,"t3",300
"s26","mediation-boot","pnde","rd",0.0861047825993948,1000,0,0,0.00028311230312968,0.00188291480601204,0.0595429942705217,0.00133208803834115,0.0586951192364441,0.0586274100540699,0,0.0695524281022312,0.0595138887244722,0.0013485985010071,0.942,0.00739161687318817,0.228735029378357,0.000431593771773621,0.228936995742524,7.12310899999992,"binary","binary",FALSE,"t3",300
"s26","mediation-qb","pnde","rd",0.0861047825993948,1000,0,0,-0.000176055169233213,0.00184690162276282,0.0584041574219159,0.00130661013011307,0.0575944021781303,0.0574222867594373,0,0.070010926687273,0.0583752135240839,0.00132614815951551,0.94,0.00750999334220744,0.224351990222736,0.000377907684943239,0.223893389947443,2.47909100000007,"binary","binary",FALSE,"t3",300
"s26","regmedint-delta","pnde","clogor",0.388827491022998,1000,0,0,0.0178097294803222,0.009862143162682,0.311868350047316,0.00697707771879544,0.314528568065111,0.271516842348167,0.004,3.42354567195688,0.31222074299706,0.0176289549400937,0.953,0.00669260786241059,1.12101226335864,0.0162391487052754,1.0643264643969,0.0147210000000669,"binary","binary",FALSE,"t3",300
"s26","cmaverse-gcomp","tnie","logor",0.185276004809576,1000,0,0,0.00487601694321042,0.0031954563753512,0.101049203098157,0.00226065948446266,0.110587718732933,0.107836546505939,0,0.201230463576752,0.1011162996087,0.00263301458294799,0.96,0.00619677335393187,0.41088783546965,0.00249337672350743,0.410508839040524,9.70527599999993,"binary","binary",FALSE,"t3",300
"s26","medflex-impute","tnie","logor",0.185276004809576,1000,0,0,0.0065195751419162,0.00319104785293197,0.100909793378551,0.00225754062854701,0.106872533070573,0.104153537188826,0,0.175087672410789,0.1010698197947,0.00261608607422922,0.961,0.00612200947402077,0.411837477775224,0.00242906195586605,0.408274363505103,7.78976399999999,"binary","binary",FALSE,"t3",300
"s26","medflex-weight","tnie","logor",0.185276004809576,1000,0,0,0.0382489235870039,0.00702414392950771,0.222122934300896,0.00496930507859843,0.196792566574951,0.13195515615001,0.008,1.1193772129861,0.225282577000668,0.0183449434771683,0.936,0.0077397674383666,0.637893640166079,0.0137243430909995,0.517254707256758,8.26935000000005,"binary","binary",FALSE,"t3",300
"s26","mediation-boot","tnie","rd",0.0454633538780183,1000,0,0,0.000704355200888687,0.000766420145431073,0.0242363330419968,0.000542212055910664,0.0254532015317938,0.0248889456259015,0,0.0429880313698025,0.0242344497716017,0.000607483247554059,0.967,0.00564898220921256,0.098083374106394,0.000582320762285703,0.0971184188119318,7.12310899999992,"binary","binary",FALSE,"t3",300
"s26","mediation-qb","tnie","rd",0.0454633538780183,1000,0,0,-0.000844674764979695,0.000744451896107576,0.0235416360013098,0.000526670385064118,0.0247015664629518,0.0241022858961009,0,0.0422891626702929,0.0235450184211255,0.000587527652812102,0.955,0.00655553201502365,0.0949681374411421,0.000561183986515072,0.0944105249594737,2.47909100000007,"binary","binary",FALSE,"t3",300
"s26","regmedint-delta","tnie","clogor",0.194222580362012,1000,0,0,0.0198623587425373,0.00386132157314773,0.122105709494913,0.00273173287679051,0.123706709353164,0.116820440818501,0.001,0.407321840814212,0.123650344851044,0.00392577757215448,0.957,0.00641490451994416,0.469626801633964,0.00382283084374562,0.457927713324711,0.0147210000000669,"binary","binary",FALSE,"t3",300
"s27","cmaverse-gcomp","pnde","md",0.4,1000,0,0,-0.0019139796771196,0.00223470598385717,0.0706676080979612,0.00158096643608128,0.068615310276803,0.0613595266232071,0.002,0.437735939313849,0.0706581930257007,0.00246454228988259,0.934,0.00785136930732467,0.254402822301759,0.00246938709450138,0.239752068449475,8.83828500000004,"continuous","continuous",FALSE,"t3",300
"s27","lavaan-boot","pnde","md",0.4,1000,0,0,-0.00213098858887106,0.00221130107046833,0.0699274797504843,0.00156440838201312,0.068106603388705,0.0609191027177579,0.002,0.410760822128473,0.0699249861222442,0.0024300454170975,0.94,0.00750999334220744,0.255108249474015,0.00246454484769721,0.240819914581485,19.978354,"continuous","continuous",FALSE,"t3",300
"s27","lavaan-delta","pnde","md",0.4,1000,0,0,-0.00213098858887106,0.00221130107046833,0.0699274797504843,0.00156440838201312,0.0843624412313291,0.0615588024558026,0.001,1.682654713656,0.0699249861222442,0.0024300454170975,0.941,0.00745110730026082,0.257779033962884,0.0065537700202089,0.241306071489578,0.0426250000000218,"continuous","continuous",FALSE,"t3",300
"s27","medflex-impute","pnde","md",0.4,1000,0,0,-0.00223658501815053,0.00226503651805913,0.0716267438052397,0.00160242409400501,0.0695002101589658,0.0620152157336718,0.002,0.412973740545282,0.0716258497349715,0.00268758917678136,0.945,0.00720936890441875,0.258993323782942,0.0026741136593826,0.243095178662957,5.87617300000001,"continuous","continuous",FALSE,"t3",300
"s27","medflex-weight","pnde","md",0.4,1000,0,0,-0.106376156691247,0.00739081821351538,0.233718193269653,0.00522871268755363,0.146151536637321,0.0988416897008031,0.002,0.927596968713084,0.256681624554166,0.0126413478874989,0.661,0.0149692685192029,0.480891570863075,0.00985184103555453,0.387452303969315,6.64905,"continuous","continuous",FALSE,"t3",300
"s27","mediation-boot","pnde","md",0.4,1000,0,0,-0.00194988304644499,0.0022290903456567,0.0704900260256718,0.00157699359331079,0.0688201289641139,0.0613077797768978,0.002,0.463181242904819,0.0704817491924371,0.00242118888981455,0.935,0.0077958322198467,0.254972187265811,0.00251516888172248,0.239810385536389,6.52055599999993,"continuous","continuous",FALSE,"t3",300
"s27","mediation-qb","pnde","md",0.4,1000,0,0,-0.00200960043089332,0.00223802944645284,0.0707727052131682,0.00158331765492317,0.0852833994903931,0.0626148016500881,0.001,1.68891691044659,0.070765849965069,0.00248846509756402,0.937,0.00768316341099159,0.260266158008179,0.00631857922220513,0.24418902784385,2.36004300000002,"continuous","continuous",FALSE,"t3",300
"s27","regmedint-delta","pnde","md",0.4,1000,0,0,-0.00193107819325472,0.0022342532004923,0.0706532898307652,0.00158064610969032,0.0854894793307722,0.0624477659553658,0.001,1.70293015482262,0.0706443524956855,0.00246365747780318,0.941,0.00745110730026082,0.261420046948001,0.00663355247827449,0.244790744375007,0.0123089999999465,"continuous","continuous",FALSE,"t3",300
"s27","robmed-mm","pnde","md",0.4,1000,0,0,-0.00133992347469583,0.00156872051895399,0.0496072985213594,0.001109807959514,NA,NA,NA,NA,0.0496005904948592,0.00114398862110816,0.943,0.00733150734842434,0.192733257805813,0.000866719526059046,0.191168141574906,0.135519999999979,"continuous","continuous",FALSE,"t3",300
"s27","cmaverse-gcomp","tnie","md",0.2,1000,0,0,0.00250984949134926,0.00189278446615428,0.0598551003283341,0.00133907043402681,0.0612068050445718,0.0407438740540025,0.001,1.35262414271319,0.0598777900957346,0.0142561889618002,0.945,0.00720936890441875,0.170691446848916,0.00461797725884419,0.159440692872316,8.83828500000004,"continuous","continuous",FALSE,"t3",300
"s27","lavaan-boot","tnie","md",0.2,1000,0,0,0.00257280602416977,0.00163624149078837,0.0517424991296065,0.00115757638675806,0.0535493415440937,0.0364472635306958,0.001,1.16370659429725,0.0517805780268931,0.0117050437278702,0.948,0.00702111102319284,0.152474502204388,0.00393609458386778,0.143555516140276,19.978354,"continuous","continuous",FALSE,"t3",300
"s27","lavaan-delta","tnie","md",0.2,1000,0,0,0.00257280602416977,0.00163624149078837,0.0517424991296065,0.00115757638675806,0.0451152457740332,0.0367055695098661,0.001,0.741881729711097,0.0517805780268931,0.0117050437278702,0.95,0.00689202437604511,0.151682105070085,0.00287684063273085,0.143883188542738,0.0426250000000218,"continuous","continuous",FALSE,"t3",300
"s27","medflex-impute","tnie","md",0.2,1000,0,0,0.00302520092335001,0.00189059098684249,0.0597857364220771,0.00133751863383689,0.0619514536939357,0.0433999033798248,0.001,1.27662192986534,0.0598323640338336,0.0125287557222688,0.957,0.00641490451994416,0.183541881305673,0.00503105336702044,0.170124495113949,5.87617300000001,"continuous","continuous",FALSE,"t3",300
"s27","medflex-weight","tnie","md",0.2,1000,0,0,0.211693789232412,0.0101904943607405,0.322251726630417,0.00720937325437262,0.184641303117278,0.0994588799850023,0.002,1.12509299833841,0.385430395195482,0.0190104705514365,0.565,0.0156772127624779,0.552090505853704,0.0148078937079748,0.389871645426592,6.64905,"continuous","continuous",FALSE,"t3",300
"s27","mediation-boot","tnie","md",0.2,1000,0,0,0.00250984949134926,0.00189278446615428,0.0598551003283341,0.00133907043402681,0.0614701009994138,0.0409494066226565,0.001,1.36168967769478,0.0598777900957346,0.0142561889618002,0.948,0.00702111102319284,0.171012048207693,0.00462051404420249,0.159711958998638,6.52055599999993,"continuous","continuous",FALSE,"t3",300
"s27","mediation-qb","tnie","md",0.2,1000,0,0,0.00249332762178214,0.0018902417368181,0.0597746921665775,0.00133727155320509,0.0524171766612466,0.0419693866852974,0.001,0.893105185039025,0.0597968016905172,0.0142162067440395,0.948,0.00702111102319284,0.172754577893057,0.00353241345967073,0.163199728843631,2.36004300000002,"continuous","continuous",FALSE,"t3",300
"s27","regmedint-delta","tnie","md",0.2,1000,0,0,0.00250984949134926,0.00189278446615428,0.0598551003283341,0.00133907043402681,0.0517883570653341,0.0419176701217246,0.001,0.863598460911264,0.0598777900957346,0.0142561889618002,0.943,0.00733150734842434,0.172705525767093,0.00337577973385623,0.164314247508822,0.0123089999999465,"continuous","continuous",FALSE,"t3",300
"s27","robmed-mm","tnie","md",0.2,1000,0,0,0.00138046564140349,0.000917700239886137,0.0290202296732309,0.000649236762296355,NA,NA,NA,NA,0.0290385475178061,0.000718792403267782,0.94,0.00750999334220744,0.114447489148067,0.000669207683891557,0.111607100177355,0.135519999999979,"continuous","continuous",FALSE,"t3",300
"s28","cmaverse-gcomp","pnde","logor",0.371667608962379,1000,0,0,0.00828664827646167,0.00486012717008637,0.153690715755415,0.00343834848364747,0.169658473013888,0.166423656518298,0,0.259420915044967,0.153837199054585,0.00380775690400811,0.954,0.00662449998113065,0.627511401517075,0.00203308687362567,0.621572550718129,10.268091,"binary","continuous",FALSE,"t3",300
"s28","medflex-impute","pnde","clogor",0.388827491022998,1000,0,0,0.0209265250152535,0.00513836779581178,0.162489456904242,0.00363519276365735,0.176796348747463,0.174693997756964,0,0.246501521846278,0.163750848030307,0.00420695629784768,0.972,0.0052168956286282,0.690070248757431,0.00202392607667272,0.684787887837941,11.366372,"binary","continuous",FALSE,"t3",300
"s28","medflex-weight","pnde","clogor",0.388827491022998,1000,0,2,498842626781.874,374739255860.688,11850295771963.8,265113258781.021,10106947461980.2,0.247269873597285,0.011,170996841122151,11854869224898,4968977125786.55,0.821,0.0121226647235664,5829248611035.16,1239831869406.96,0.969280093424899,10.90773,"binary","continuous",FALSE,"t3",300
"s28","mediation-boot","pnde","rd",0.0861047825993948,1000,0,0,0.00189251838657677,0.00115952159708409,0.0366672924294179,0.000820315844743573,0.0380579609500739,0.0375524776079271,0,0.0556801256237716,0.0366977856227576,0.000923444259427034,0.955,0.00655553201502365,0.147625863200595,0.000523413900409441,0.146884313279299,7.62800899999994,"binary","continuous",FALSE,"t3",300
"s28","mediation-qb","pnde","rd",0.0861047825993948,1000,0,0,0.00215832827424291,0.00113332481127128,0.0358388773239771,0.000801782650935326,0.036635942004204,0.0363240483843763,0,0.051429319768493,0.0358859176231378,0.000901417033973074,0.952,0.00675988165576884,0.141950612645855,0.000455554150795013,0.141065812827045,2.64158200000003,"binary","continuous",FALSE,"t3",300
"s28","regmedint-delta","pnde","clogor",0.388827491022998,1000,0,0,0.0269078027751966,0.0053913011712052,0.170487912529418,0.00381413316116394,0.174980445287834,0.166815307531396,0.001,1.1901784039054,0.17251403432912,0.00886644256486471,0.966,0.00573096850453743,0.668864949704576,0.00480794558392712,0.65390398966302,0.0155740000000151,"binary","continuous",FALSE,"t3",300
"s28","cmaverse-gcomp","tnie","logor",0.185276004809576,1000,0,0,-0.000409635038512413,0.002686226708343,0.0849459470994072,0.00190039955872191,0.0880894912907841,0.0864938965312394,0,0.153185449994856,0.0849044516827678,0.00200415662556794,0.937,0.00768316341099159,0.336700703084871,0.00162045950941927,0.337060710483655,10.268091,"binary","continuous",FALSE,"t3",300
"s28","medflex-impute","tnie","clogor",0.194222580362012,1000,0,0,0.00165024230609678,0.00311091383475485,0.09837573322354,0.00220084896796994,0.10098026939245,0.0999341222639347,0,0.157346979779227,0.0983403803228901,0.0024595029271376,0.961,0.00612200947402077,0.391715663098393,0.00180214786133546,0.391734560927869,11.366372,"binary","continuous",FALSE,"t3",300
"s28","medflex-weight","tnie","clogor",0.194222580362012,1000,0,2,-57137298595.987,84949888455.7181,2686351344973.13,60098699053.7019,10414604805548.9,0.195481075668712,0.04,155317900382602,2685615708916.89,1238042512631.06,0.712,0.0143197765345692,6274035147662.4,1276285721415.39,0.766271735939648,10.90773,"binary","continuous",FALSE,"t3",300
"s28","mediation-boot","tnie","rd",0.0454633538780183,1000,0,0,-0.000508127440237239,0.000648935860749999,0.0205211537533186,0.000459096553383926,0.0207936830032833,0.0203669601907477,0,0.0343647809074241,0.0205171837032156,0.000482897548696843,0.933,0.00790638982089803,0.0806301756300259,0.000390210646327714,0.0798163895749067,7.62800899999994,"binary","continuous",FALSE,"t3",300
"s28","mediation-qb","tnie","rd",0.0454633538780183,1000,0,0,-0.00193205153603193,0.000631667887452586,0.0199750924913707,0.000446880142634787,0.0201101817651935,0.0198821326895624,0,0.0288269838185103,0.0200583682999554,0.000464971660438774,0.944,0.00727076337120113,0.0779686293553373,0.000349306242755032,0.0779729644189821,2.64158200000003,"binary","continuous",FALSE,"t3",300
"s28","regmedint-delta","tnie","clogor",0.194222580362012,1000,0,0,0.0132804148325724,0.00324601155792596,0.102647898342776,0.00229642528425826,0.100881204515395,0.0978616746054724,0,0.166912426035002,0.103452519840166,0.00276328119726871,0.951,0.00682634602111555,0.390131391775498,0.00204451720863119,0.383610715387008,0.0155740000000151,"binary","continuous",FALSE,"t3",300
"s29","cmaverse-gcomp","pnde","md",0.445,1000,0,0,-0.00159109530566338,0.00399522972237453,0.126340256983057,0.00282646761638249,0.129252675940757,0.122569438773013,0.001,0.392355364284022,0.126287094583263,0.00276605514569417,0.959,0.00627048642451286,0.495491091733676,0.00292340947949608,0.479982573179303,8.75950900000005,"continuous","binary",TRUE,"t3",300
"s29","lavaan-boot","pnde","md",0.445,1000,0,0,0.0714812147160133,0.00384146709557979,0.121477855786239,0.00271768661617834,0.123095409913905,0.11653248490184,0,0.356980234775904,0.140895978062727,0.00298735406317662,0.913,0.00891240708226459,0.476633927462757,0.00270785368037057,0.459490800350508,20.686469,"continuous","binary",TRUE,"t3",300
"s29","lavaan-delta","pnde","md",0.445,1000,0,0,0.0714812147160133,0.00384146709557979,0.121477855786239,0.00271768661617834,0.12202418575924,0.115049993256449,0.002,0.396010506529191,0.140895978062727,0.00298735406317662,0.902,0.00940191469861325,0.46942710945599,0.00290558280697027,0.450987686408432,0.0416499999999505,"continuous","binary",TRUE,"t3",300
"s29","medflex-impute","pnde","md",0.445,1000,0,0,-0.00202735305604425,0.00394529759967338,0.124761264621631,0.00279114260689889,0.127810905350887,0.120571860190669,0.001,0.401143306233723,0.124715347641148,0.00274779353733077,0.957,0.00641490451994416,0.492258068362518,0.00294978934907865,0.472633007045421,6.283159,"continuous","binary",TRUE,"t3",300
"s29","medflex-weight","pnde","md",0.445,1000,0,0,-0.162148573241396,0.018318329938823,0.579276455371335,0.0129594966888463,0.398995158135013,0.164216734703321,0.005,3.26814309743759,0.601263511565479,0.0612445222492872,0.907,0.00918428004799505,1.04906430628722,0.0367016084376185,0.643717771354556,7.257872,"continuous","binary",TRUE,"t3",300
"s29","mediation-boot","pnde","md",0.445,1000,0,0,-0.00294053276931956,0.00398311796890469,0.125957249708825,0.0028178990280061,0.129105048600094,0.12245367286028,0.001,0.407132700171666,0.125928591902017,0.00272658205864441,0.954,0.00662449998113065,0.495240269590618,0.00290058899332747,0.477048141647617,6.46085800000002,"continuous","binary",TRUE,"t3",300
"s29","mediation-qb","pnde","md",0.445,1000,0,0,-0.00211851013607407,0.00394348069993265,0.124703809207022,0.00278985722191824,0.130162971071908,0.12294325625974,0.002,0.412389766043728,0.124659444391138,0.0027272111033735,0.966,0.00573096850453743,0.497828034633821,0.00307888920024582,0.47761322334295,2.35081600000004,"continuous","binary",TRUE,"t3",300
"s29","regmedint-delta","pnde","md",0.445,1000,0,0,-0.00191682134870551,0.00392889980862733,0.12424272093862,0.00277954181580738,0.128317404248978,0.120703588253545,0.002,0.406907232483295,0.124195376953446,0.00271032676413766,0.963,0.00596917079668525,0.493627916373815,0.00305692275085109,0.473149371563399,0.0115390000000189,"continuous","binary",TRUE,"t3",300
"s29","robmed-mm","pnde","md",0.445,1000,0,0,0.0699053058481869,0.00301076606248898,0.0952087825940203,0.00212999836491774,NA,NA,NA,NA,0.118077937636465,0.00247702108700408,0.871,0.0105999528300837,0.376260372167447,0.00132369151968339,0.373085444733393,0.140035000000014,"continuous","binary",TRUE,"t3",300
"s29","cmaverse-gcomp","tnie","md",0.35,1000,0,0,0.000363336401625038,0.00298732964944212,0.0944676581398945,0.00211341802608262,0.0957402108564417,0.0887128646621011,0.004,0.48401266298241,0.0944211115659114,0.00226665074370957,0.939,0.00756828910652864,0.360968735387214,0.00284895474810349,0.345729216864898,8.75950900000005,"continuous","binary",TRUE,"t3",300
"s29","lavaan-boot","tnie","md",0.35,1000,0,0,-0.0731942606429002,0.00237975168306081,0.0752543558409131,0.00168358055346199,0.0753675384386686,0.0696650549322082,0.002,0.362153217293424,0.104952154079936,0.00193710788499239,0.806,0.0125045591685593,0.285844692702326,0.00229393683662724,0.274171805636317,20.686469,"continuous","binary",TRUE,"t3",300
"s29","lavaan-delta","tnie","md",0.35,1000,0,0,-0.0731942606429002,0.00237975168306081,0.0752543558409131,0.00168358055346199,0.0728049887458781,0.0693680626023127,0.002,0.29553534094421,0.104952154079936,0.00193710788499239,0.768,0.0133482583133531,0.278769034763289,0.00193369967903693,0.271917808755705,0.0416499999999505,"continuous","binary",TRUE,"t3",300
"s29","medflex-impute","tnie","md",0.35,1000,0,0,-0.000242705794658534,0.0030251445103074,0.0956634690372609,0.0021401705502379,0.0968505596967023,0.0900051049237776,0.003,0.442801956683796,0.0956159333742944,0.00228996291078453,0.946,0.00714730718522718,0.368229972786014,0.00292356705952621,0.352813528150706,6.283159,"continuous","binary",TRUE,"t3",300
"s29","medflex-weight","tnie","md",0.35,1000,0,0,0.160041067283636,0.0179968650593807,0.569110843303444,0.0127320729523689,0.392107291218021,0.134082351006713,0.006,3.27889675041521,0.590911506091121,0.0610925810667798,0.892,0.00981509042240569,0.950930414198347,0.0382054893173907,0.525593157871231,7.257872,"continuous","binary",TRUE,"t3",300
"s29","mediation-boot","tnie","md",0.35,1000,0,0,0.000363336401625041,0.00298732964944212,0.0944676581398945,0.00211341802608262,0.0956926355900352,0.0891179830849542,0.004,0.460471111437579,0.0944211115659114,0.00226665074370957,0.936,0.0077397674383666,0.361518577571075,0.0027611472459616,0.34692374880961,6.46085800000002,"continuous","binary",TRUE,"t3",300
"s29","mediation-qb","tnie","md",0.35,1000,0,0,0.000408297452745435,0.00299092480237861,0.0945813468580539,0.00211596145513603,0.0947783901825436,0.0904307141248907,0.002,0.323377338111499,0.0945349260808932,0.00227466844076972,0.936,0.0077397674383666,0.362010253094754,0.00243712078014636,0.352006661569494,2.35081600000004,"continuous","binary",TRUE,"t3",300
"s29","regmedint-delta","tnie","md",0.35,1000,0,0,0.000363336401625042,0.00298732964944212,0.0944676581398945,0.00211341802608262,0.0943582240238862,0.0902132666245152,0.002,0.325977921245955,0.0944211115659114,0.00226665074370957,0.936,0.0077397674383666,0.362009485189141,0.00240087870488548,0.353629507023518,0.0115390000000189,"continuous","binary",TRUE,"t3",300
"s29","robmed-mm","tnie","md",0.35,1000,0,0,-0.0756336549086422,0.00185290221189647,0.0585939127115677,0.00131085531050169,NA,NA,NA,NA,0.0956570076632316,0.00158390123208411,0.718,0.0142294061717276,0.22673860012927,0.00119630433572878,0.223680949811363,0.140035000000014,"continuous","binary",TRUE,"t3",300
"s30","cmaverse-gcomp","pnde","logor",0.432003984824414,1000,0,0,0.00158244648501615,0.00803745127462829,0.254166526104489,0.00568618010092471,0.266955542860196,0.265267627659205,0,0.34638357884498,0.254044339645484,0.00584611865175966,0.942,0.00739161687318817,0.984004551086146,0.00195101890468748,0.981082784628138,9.61924599999995,"binary","binary",TRUE,"t3",300
"s30","medflex-impute","pnde","logor",0.432003984824414,1000,0,0,-0.00106550765301629,0.0082220252172122,0.260003266657312,0.00581675889308272,0.255730168323015,0.25479860104491,0,0.326371971813257,0.259875416844994,0.00590661680662905,0.95,0.00689202437604511,1.00097595024282,0.00171573361043166,0.998792162718428,7.76035800000001,"binary","binary",TRUE,"t3",300
"s30","medflex-weight","pnde","logor",0.432003984824414,1000,0,0,-0.0220104278258639,0.00974535427478226,0.308175161135703,0.00689445418209284,0.298290408660036,0.268654492372647,0,0.903110345829778,0.308806439285442,0.00895823829134933,0.944,0.00727076337120113,1.13458221337671,0.00894492697931399,1.05310625867056,8.22502,"binary","binary",TRUE,"t3",300
"s30","mediation-boot","pnde","rd",0.100782200219591,1000,0,0,-0.000422044245064688,0.00185658748950042,0.0587104514219527,0.00131346249920641,0.0577315883656481,0.0574269207726403,0,0.0698177866415522,0.0586826065406785,0.00133166684090497,0.944,0.00727076337120113,0.224683072739196,0.000433951979473564,0.224128658682115,7.09289100000002,"binary","binary",TRUE,"t3",300
"s30","mediation-qb","pnde","rd",0.100782200219591,1000,0,0,-0.000925665205168584,0.00182224855275677,0.057624558896569,0.00128916905441565,0.0569547441793697,0.0567761298419938,0,0.0679997660723875,0.0576031774671171,0.0013050611834378,0.948,0.00702111102319284,0.221891434434056,0.000390754754867194,0.221407562040528,2.48799599999991,"binary","binary",TRUE,"t3",300
"s30","regmedint-delta","pnde","clogor",0.447418227151819,1000,0,0,0.170346474258756,0.00979868529951741,0.309861636216842,0.00693218378084862,0.320381056621512,0.276676980832592,0.006,2.4472342157669,0.353463068308089,0.0101370322815643,0.913,0.00891240708226459,1.17572937295477,0.0139666257358065,1.08455383556632,0.0148929999999309,"binary","binary",TRUE,"t3",300
"s30","cmaverse-gcomp","tnie","logor",0.305157633203393,1000,0,0,-0.00381648397337542,0.00353688786565084,0.111846214840683,0.00250220881143643,0.11944256069927,0.116788441649219,0,0.208908276032825,0.111855405539174,0.00244954250138153,0.943,0.00733150734842434,0.439170499525988,0.00247946489849244,0.438381949094321,9.61924599999995,"binary","binary",TRUE,"t3",300
"s30","medflex-impute","tnie","logor",0.305157633203393,1000,0,0,0.00563593826201807,0.00355375139819328,0.112379486562988,0.00251413909628641,0.115303568179605,0.113179400532956,0,0.189794230062648,0.112464588432332,0.00259250128766025,0.935,0.0077958322198467,0.445133435612867,0.00247988206074724,0.443655097672855,7.76035800000001,"binary","binary",TRUE,"t3",300
"s30","medflex-weight","tnie","logor",0.305157633203393,1000,0,0,0.0270564764911329,0.00657459408312433,0.207906919937393,0.00465126627456262,0.199060204935767,0.141362940827471,0.008,0.896268360617091,0.209556949277782,0.0108630273378515,0.901,0.00944452222190196,0.669703431533035,0.0126699854184753,0.554132545541019,8.22502,"binary","binary",TRUE,"t3",300
"s30","mediation-boot","tnie","rd",0.0757274753150735,1000,0,0,-0.00155003992009011,0.000861728113004852,0.027250235608943,0.000609638687831696,0.027678824202292,0.0271468974259721,0,0.0455282494786505,0.0272806779453157,0.000583160375209025,0.941,0.00745110730026082,0.106137729842199,0.000573470953906,0.10549827588109,7.09289100000002,"binary","binary",TRUE,"t3",300
"s30","mediation-qb","tnie","rd",0.0757274753150735,1000,0,0,-0.00381567451068878,0.000840602259383674,0.0265821774593606,0.00059469297875412,0.0272164378355995,0.0268986538343013,0,0.0407000142837483,0.0268414775728531,0.000558692109195907,0.935,0.0077958322198467,0.104657663458267,0.000544553166573385,0.104756237375832,2.48799599999991,"binary","binary",TRUE,"t3",300
"s30","regmedint-delta","tnie","clogor",0.324728988617171,1000,0,0,0.0412009171709132,0.00489986401895021,0.154947305249891,0.00346646073858534,0.153335814452218,0.143824867839516,0,0.319303500490653,0.160256588983178,0.00457920145576281,0.947,0.00708456067798138,0.582980532655255,0.00462976084433896,0.563783122093368,0.0148929999999309,"binary","binary",TRUE,"t3",300
"s31","cmaverse-gcomp","pnde","md",0.445,1000,0,0,0.00129844344425985,0.00227531838205062,0.0719518848932914,0.00160969810767317,0.0705172363029603,0.0651988830657416,0.002,0.344014884724062,0.0719276207123223,0.00202667036095426,0.951,0.00682634602111555,0.266944287267021,0.00195124019645476,0.253751710313419,8.84372399999981,"continuous","continuous",TRUE,"t3",300
"s31","lavaan-boot","pnde","md",0.445,1000,0,0,0.00303392724199075,0.00275028230029073,0.0869715627736587,0.00194571636623226,0.0821180649290046,0.0761347471210663,0.002,0.33759192813877,0.0869809944359735,0.00204698570401344,0.943,0.00733150734842434,0.31392259526299,0.00222827524180528,0.299455228164035,20.0957520000001,"continuous","continuous",TRUE,"t3",300
"s31","lavaan-delta","pnde","md",0.445,1000,0,0,0.00303392724199075,0.00275028230029073,0.0869715627736587,0.00194571636623226,0.0706036358460036,0.0678970478670798,0,0.160147180299398,0.0869809944359735,0.00204698570401344,0.899,0.00952885092757778,0.273691197114792,0.00130060127387987,0.266151536952137,0.0413159999999843,"continuous","continuous",TRUE,"t3",300
"s31","medflex-impute","pnde","md",0.445,1000,0,0,0.001238234247943,0.0022004771050343,0.0695851959096196,0.00155675085293318,0.0686184636686581,0.0636364698716896,0.002,0.278437357656758,0.0695614161323872,0.00180721792833411,0.953,0.00669260786241059,0.261854168470188,0.00194579469294131,0.24945037810356,5.86407399999999,"continuous","continuous",TRUE,"t3",300
"s31","medflex-weight","pnde","md",0.445,1000,0,0,-0.0954480549259556,0.00898226013198818,0.284044005532073,0.00635459514200322,0.1690214459422,0.108117700558697,0.002,0.918651224433164,0.299517357211187,0.0154053363662981,0.676,0.014799459449588,0.54508929789292,0.0119161513640974,0.423813598372663,6.65595300000004,"continuous","continuous",TRUE,"t3",300
"s31","mediation-boot","pnde","md",0.445,1000,0,0,0.000770353936598046,0.00224206004792868,0.0709001640232091,0.00158616914666148,0.0702390355075409,0.0648119531309432,0.002,0.333571144462215,0.0708688921209233,0.00187935813566324,0.949,0.00695693898205238,0.266781696165395,0.00200057368926068,0.255051165389637,6.51288799999994,"continuous","continuous",TRUE,"t3",300
"s31","mediation-qb","pnde","md",0.445,1000,0,0,0.00137817261205098,0.002197947954902,0.0695052171599937,0.00155496157886318,0.0694790751084407,0.0665430813074802,0,0.159413134670575,0.0694841247839679,0.00188824081066553,0.957,0.00641490451994416,0.268016118347101,0.0013229950909165,0.259633872810157,2.359893,"continuous","continuous",TRUE,"t3",300
"s31","regmedint-delta","pnde","md",0.445,1000,0,0,0.00101876586890686,0.00219004943670267,0.0692554440834919,0.00154937368843906,0.0672904507556705,0.0643561790020848,0,0.160540081345522,0.0692283042011151,0.00188543215215256,0.949,0.00695693898205238,0.260359462996315,0.0013384007962232,0.252271586053398,0.0117310000000216,"continuous","continuous",TRUE,"t3",300
"s31","robmed-mm","pnde","md",0.445,1000,0,0,0.0017680459866654,0.00226328988419005,0.0715715103925926,0.00160118841936007,NA,NA,NA,NA,0.0715575614829634,0.00170903524980238,0.934,0.00785136930732467,0.2841557377704,0.00175692340316025,0.278678745590343,0.137478000000025,"continuous","continuous",TRUE,"t3",300
"s31","cmaverse-gcomp","tnie","md",0.35,1000,0,0,-0.00121751401271951,0.00169741362753364,0.0536769319441502,0.00120085326332092,0.0554022920690975,0.0508410088445738,0.002,0.236155204002426,0.053663899879576,0.00128248212234549,0.93,0.00806845710157772,0.209037491585328,0.00161653079093186,0.197850413443903,8.84372399999981,"continuous","continuous",TRUE,"t3",300
"s31","lavaan-boot","tnie","md",0.35,1000,0,0,-0.15148705017077,0.00185066977040626,0.0585233167130465,0.00130927594610564,0.0528838261183649,0.0449237307019764,0.004,0.289666905958839,0.162388053716823,0.0019128556432852,0.189,0.012380589646701,0.191513612929533,0.00217561041721796,0.176692180469139,20.0957520000001,"continuous","continuous",TRUE,"t3",300
"s31","lavaan-delta","tnie","md",0.35,1000,0,0,-0.15148705017077,0.00185066977040626,0.0585233167130465,0.00130927594610564,0.0407223358887639,0.0392223344588284,0,0.09420695148831,0.162388053716823,0.0019128556432852,0.128,0.0105648473723003,0.15707250680684,0.000900186288865415,0.153748725857776,0.0413159999999843,"continuous","continuous",TRUE,"t3",300
"s31","medflex-impute","tnie","md",0.35,1000,0,0,-0.000770353134224668,0.00182044817045601,0.0575676258092745,0.00128789535487299,0.0595578508266623,0.0547194727282359,0.002,0.287181408514532,0.0575439914650238,0.0013862666178221,0.942,0.00739161687318817,0.226000504384767,0.00185254850552098,0.214496391600728,5.86407399999999,"continuous","continuous",TRUE,"t3",300
"s31","medflex-weight","tnie","md",0.35,1000,0,0,0.247793148958272,0.0130651304074002,0.413155700145083,0.00924306499661874,0.236530203613092,0.123853144093058,0.002,1.60689954310638,0.481589430532344,0.026548252136981,0.558,0.0157046489932122,0.691454668907243,0.0195432252733249,0.485495403588888,6.65595300000004,"continuous","continuous",TRUE,"t3",300
"s31","mediation-boot","tnie","md",0.35,1000,0,0,-0.0012175140127195,0.00169741362753364,0.0536769319441502,0.00120085326332092,0.0552739692157041,0.0506466154393777,0.003,0.232556061772532,0.053663899879576,0.00128248212234549,0.938,0.00762600813007697,0.209164832943591,0.00162111469164739,0.198456167286143,6.51288799999994,"continuous","continuous",TRUE,"t3",300
"s31","mediation-qb","tnie","md",0.35,1000,0,0,-0.00124769969465386,0.00169905848148143,0.0537289467930835,0.00120201693268167,0.0545079066451137,0.0526765321506611,0,0.110201544447489,0.0537165680055841,0.00127599696766307,0.944,0.00727076337120113,0.21011610199635,0.000992378909436019,0.204977401108413,2.359893,"continuous","continuous",TRUE,"t3",300
"s31","regmedint-delta","tnie","md",0.35,1000,0,0,-0.00121751401271951,0.00169741362753364,0.0536769319441502,0.00120085326332092,0.0543622162715435,0.0523520243885632,0,0.10890780279048,0.053663899879576,0.00128248212234549,0.947,0.00708456067798138,0.210852534174724,0.000975732637115039,0.205216164638693,0.0117310000000216,"continuous","continuous",TRUE,"t3",300
"s31","robmed-mm","tnie","md",0.35,1000,0,0,-0.150424812559612,0.00135771637789856,0.0429347617067335,0.000960530843288181,NA,NA,NA,NA,0.15642625931296,0.00131904323511,0.135,0.0108062481925967,0.175089542582953,0.00209006564898048,0.162764817513878,0.137478000000025,"continuous","continuous",TRUE,"t3",300
"s32","cmaverse-gcomp","pnde","logor",0.432003984824414,1000,0,0,0.0248470306943958,0.00470514936068142,0.148789887110384,0.00332870778962484,0.164761777911176,0.162094587987648,0,0.245711846082103,0.150776878234505,0.00370943753537945,0.956,0.00648567652600714,0.608417571541011,0.00194621627057477,0.603233753339073,10.1748269999999,"binary","continuous",TRUE,"t3",300
"s32","medflex-impute","pnde","clogor",0.447418227151819,1000,0,0,0.0242924552411658,0.00507855990361283,0.160598165290217,0.00359288103635974,0.172966495302006,0.170354568255333,0,0.275727502925929,0.162345626074537,0.00394257906574723,0.975,0.00493710441453288,0.675097553976975,0.00198826982186378,0.667777636764645,11.173375,"binary","continuous",TRUE,"t3",300
"s32","medflex-weight","pnde","clogor",0.447418227151819,1000,0,1,116293534176.64,116293534176.594,3677524451486.72,82273093460.4316,8822948882313.13,0.24091119490579,0.035,123417980838465,3677524451486.73,1838762225743.36,0.863,0.0108734079294396,5790501099308.78,1078785668329.22,0.944354530975716,10.860713,"binary","continuous",TRUE,"t3",300
"s32","mediation-boot","pnde","rd",0.100782200219591,1000,0,0,0.00562594055185877,0.00112357418285543,0.0355305353798566,0.000794884465506228,0.0370122624218386,0.0366295939057535,0,0.0511581025543086,0.0359556356156849,0.000903532782668971,0.958,0.00634318531969546,0.143794313148676,0.000484004357846186,0.142863975016604,7.55531200000006,"binary","continuous",TRUE,"t3",300
"s32","mediation-qb","pnde","rd",0.100782200219591,1000,0,0,0.00547045661199033,0.00110126852189104,0.0348251684462268,0.000779104089217782,0.0357271750571711,0.0354408825934671,0,0.047965199762991,0.0352350033417684,0.000878123049077622,0.959,0.00627048642451286,0.138721226767147,0.000422569789046062,0.138035438193502,2.60222499999984,"binary","continuous",TRUE,"t3",300
"s32","regmedint-delta","pnde","clogor",0.447418227151819,1000,0,0,0.208811307435115,0.00620384548715925,0.196182819911801,0.00438897625042559,0.193916513476173,0.179573409028502,0.001,0.637211309295751,0.286446108792701,0.00722978246977426,0.857,0.0110702755159933,0.742994108353633,0.00507902483358684,0.703914828553888,0.0153339999999444,"binary","continuous",TRUE,"t3",300
"s32","cmaverse-gcomp","tnie","logor",0.305157633203393,1000,0,0,-0.00093745927110787,0.00269219730688342,0.0851347540032291,0.00190462352194745,0.0886331063418688,0.0863738565676457,0,0.153727393230684,0.0850973398099854,0.0019006370028688,0.95,0.00689202437604511,0.337463864310963,0.00151738937294581,0.333717795929151,10.1748269999999,"binary","continuous",TRUE,"t3",300
"s32","medflex-impute","tnie","clogor",0.324728988617171,1000,0,0,0.00961281491741865,0.00316098332099854,0.0999590694015854,0.00223627115674777,0.10572195787321,0.102970364174531,0,0.181852746244396,0.100370463537397,0.00221740541165503,0.967,0.00564898220921256,0.410244474713369,0.00185712005369053,0.40363641051411,11.173375,"binary","continuous",TRUE,"t3",300
"s32","medflex-weight","tnie","clogor",0.324728988617171,1000,0,1,-275790047585.098,275790047585.334,8721247063758.75,195110592528.641,8036120226962.32,0.194158953661426,0.018,120596905082258,8721247063758.74,4360623531879.37,0.726,0.0141040419738457,5331372953528.32,982270381469.896,0.761089112904754,10.860713,"binary","continuous",TRUE,"t3",300
"s32","mediation-boot","tnie","rd",0.0757274753150735,1000,0,0,-0.000831317633597727,0.000658051436647544,0.0208094135735224,0.000465545464177415,0.021229759321337,0.0206736185994897,0,0.0365109299084564,0.0208156131446699,0.00047026214124414,0.952,0.00675988165576884,0.0819830224968271,0.00037068527029064,0.0807524518174157,7.55531200000006,"binary","continuous",TRUE,"t3",300
"s32","mediation-qb","tnie","rd",0.0757274753150735,1000,0,0,-0.00296268754121338,0.000645022607466245,0.0203974058189406,0.000456328080867993,0.0208372367035403,0.0205797079617728,0,0.0311633403277808,0.0206013501364661,0.000450141152622579,0.947,0.00708456067798138,0.0810958703306785,0.000320966857464339,0.0805251319246895,2.60222499999984,"binary","continuous",TRUE,"t3",300
"s32","regmedint-delta","tnie","clogor",0.324728988617171,1000,0,0,0.0432037865605103,0.00380811084043379,0.120423038381488,0.00269408837990022,0.119683604763874,0.116909152822689,0,0.199349775161996,0.127881873766466,0.00343515507237989,0.959,0.00627048642451286,0.463420234337227,0.00231296346500655,0.45827545799112,0.0153339999999444,"binary","continuous",TRUE,"t3",300
"s33","cmaverse-gcomp","pnde","md",0.4,1000,0,0,-0.000660631121330364,0.00214944052566656,0.0679712775617593,0.0015206444838736,0.0685166713396802,0.0684134661643167,0,0.0781715763973192,0.0679404953785503,0.00141726027709569,0.955,0.00655553201502365,0.267213523128194,0.000363711880519829,0.267063743616741,11.4033310000001,"continuous","binary",FALSE,"normal",1000
"s33","lavaan-boot","pnde","md",0.4,1000,0,0,-0.000223914920110565,0.00211136052044998,0.0667670820638044,0.00149370438053647,0.0665574536626136,0.0665219503749511,0,0.0752267329316428,0.066734065828173,0.00141582758977112,0.952,0.00675988165576884,0.261832231168318,0.000322085870161698,0.261755486566018,21.842768,"continuous","binary",FALSE,"normal",1000
"s33","lavaan-delta","pnde","md",0.4,1000,0,0,-0.000223914920110565,0.00211136052044998,0.0667670820638044,0.00149370438053647,0.0665819796449465,0.0665348111950231,0,0.0719728759207399,0.066734065828173,0.00141582758977112,0.955,0.00655553201502365,0.260919363089328,0.000200830392663718,0.260811667320835,0.0444919999999838,"continuous","binary",FALSE,"normal",1000
"s33","medflex-impute","pnde","md",0.4,1000,0,0,-0.00065429271817827,0.00214789074181801,0.0679222690933358,0.00151954807286229,0.0684828373145475,0.0683792504344215,0,0.0773294064804455,0.0678914523567569,0.00141394871424314,0.958,0.00634318531969546,0.268247664261978,0.000327892910577806,0.268041736282622,13.736647,"continuous","binary",FALSE,"normal",1000
"s33","medflex-weight","pnde","md",0.4,1000,0,0,0.000266831675905448,0.00223373295561824,0.0706368382433344,0.00158027805693958,0.0714894284702007,0.0708648851732342,0,0.10590489900729,0.0706020152208224,0.00149611320923172,0.956,0.00648567652600714,0.279758641139947,0.000515880806985923,0.277785245416211,15.148494,"continuous","binary",FALSE,"normal",1000
"s33","mediation-boot","pnde","md",0.4,1000,0,0,-0.000703189511047077,0.0021494017197716,0.0679700504116121,0.00152061703023187,0.0685019041196905,0.0684294820770209,0,0.0789674162542559,0.0679396960597601,0.00141411559853793,0.959,0.00627048642451286,0.267032195357759,0.000362709041588269,0.26652499705094,8.54989499999989,"continuous","binary",FALSE,"normal",1000
"s33","mediation-qb","pnde","md",0.4,1000,0,0,-0.000701368859955453,0.00215008762514642,0.06799174064405,0.00152110228125986,0.0685629352909795,0.0684023080822139,0,0.0782181685935503,0.0679613554697791,0.0014143748203978,0.956,0.00648567652600714,0.267426471028504,0.000348540043565534,0.266865107351013,4.26713299999997,"continuous","binary",FALSE,"normal",1000
"s33","regmedint-delta","pnde","md",0.4,1000,0,0,-0.000682661354803076,0.00214885702579886,0.0679528256757961,0.00152023168070712,0.0685498875969354,0.0685671191647242,0,0.0740515211269606,0.0679222714382636,0.00141429573590316,0.959,0.00627048642451286,0.268608088901899,0.000234835946729294,0.268778168173051,0.0138389999999927,"continuous","binary",FALSE,"normal",1000
"s33","robmed-mm","pnde","md",0.4,1000,0,0,-0.000593153248709789,0.00234777934202173,0.0742433016428012,0.00166096138188824,NA,NA,NA,NA,0.074208541299244,0.00160044499670355,0.948,0.00702111102319284,0.284189384081648,0.000366847728255173,0.284086628216087,0.275279999999992,"continuous","binary",FALSE,"normal",1000
"s33","cmaverse-gcomp","tnie","md",0.2,1000,0,0,0.00104746494587529,0.00112136986398263,0.0354608286965832,0.000793324996753969,0.034362384773246,0.0340582845475497,0,0.0468355914997994,0.0354585685595092,0.000790206637495359,0.938,0.00762600813007697,0.133370472828524,0.000407909830422524,0.132940971252173,11.4033310000001,"continuous","binary",FALSE,"normal",1000
"s33","lavaan-boot","tnie","md",0.2,1000,0,0,0.000622270915564878,0.000984226805626246,0.0311239843997076,0.000696301686408354,0.0306028208098747,0.0305450982052161,0,0.0383819059770787,0.0311146416273864,0.000672910209167395,0.943,0.00733150734842434,0.120064478901783,0.000300271369691453,0.119899442508641,21.842768,"continuous","binary",FALSE,"normal",1000
"s33","lavaan-delta","tnie","md",0.2,1000,0,0,0.000622270915564878,0.000984226805626246,0.0311239843997076,0.000696301686408354,0.0305126583861848,0.030478796724865,0,0.0378364962435696,0.0311146416273864,0.000672910209167395,0.94,0.00750999334220744,0.119324751386384,0.000260013374226403,0.119474687745706,0.0444919999999838,"continuous","binary",FALSE,"normal",1000
"s33","medflex-impute","tnie","md",0.2,1000,0,0,0.00105511382464372,0.00112689721389687,0.0356356188481207,0.000797235379040508,0.0346938539360365,0.0344869613155069,0,0.0455981110003098,0.0356334210894885,0.000795855071828605,0.942,0.00739161687318817,0.135392362402769,0.000405422818692917,0.135186404229239,13.736647,"continuous","binary",FALSE,"normal",1000
"s33","medflex-weight","tnie","md",0.2,1000,0,0,0.000133981517494779,0.00129293422322646,0.0408861701017618,0.000914700021276934,0.0394586058001598,0.0379468670485071,0,0.0835407735140582,0.0408659415373198,0.00100337897709968,0.934,0.00785136930732467,0.15266946052469,0.000785477668181099,0.148748985482407,15.148494,"continuous","binary",FALSE,"normal",1000
"s33","mediation-boot","tnie","md",0.2,1000,0,0,0.00104746494587529,0.00112136986398263,0.0354608286965832,0.000793324996753969,0.0343695423381269,0.0340657585236638,0,0.0468595010184112,0.0354585685595092,0.000790206637495359,0.94,0.00750999334220744,0.133346458307199,0.000411216657645782,0.132565991076951,8.54989499999989,"continuous","binary",FALSE,"normal",1000
"s33","mediation-qb","tnie","md",0.2,1000,0,0,0.00104033986972418,0.00112053396896257,0.0354343953751013,0.000792733633961569,0.0343597082885666,0.0341447210948212,0,0.044803161638792,0.0354319500771259,0.000786350734204728,0.945,0.00720936890441875,0.133452516688999,0.000392174619704162,0.132841763720841,4.26713299999997,"continuous","binary",FALSE,"normal",1000
"s33","regmedint-delta","tnie","md",0.2,1000,0,0,0.00104746494587529,0.00112136986398263,0.0354608286965832,0.000793324996753969,0.0342786788630893,0.0341582603819114,0,0.04369465727568,0.0354585685595092,0.000790206637495359,0.94,0.00750999334220744,0.1338564647492,0.000371306772130095,0.133897920246175,0.0138389999999927,"continuous","binary",FALSE,"normal",1000
"s33","robmed-mm","tnie","md",0.2,1000,0,0,0.000552913853584004,0.00108916926402424,0.0344425563176588,0.000770544340988226,NA,NA,NA,NA,0.0344297706896066,0.00075528520099729,0.938,0.00762600813007697,0.130898550557942,0.000354870641848866,0.131116673283794,0.275279999999992,"continuous","binary",FALSE,"normal",1000
"s34","cmaverse-gcomp","pnde","logor",0.369467750712575,1000,0,0,0.00458986947812341,0.00434231584085127,0.137316083769192,0.00307201736999899,0.138778269108579,0.138729963907801,0,0.152840120723336,0.137324135011557,0.00302721759683499,0.947,0.00708456067798138,0.532513026735929,0.000649963933729898,0.531810869095143,14.394129,"binary","binary",FALSE,"normal",1000
"s34","medflex-impute","pnde","logor",0.369467750712575,1000,0,0,0.00468444542404564,0.00434134369952677,0.137285341961263,0.00307132961831431,0.136504760039879,0.13640565677514,0,0.14967921950753,0.137296620064859,0.00301843401495813,0.952,0.00675988165576884,0.534814546889301,0.000541984078108316,0.534700349133613,18.77503,"binary","binary",FALSE,"normal",1000
"s34","medflex-weight","pnde","logor",0.369467750712575,1000,0,0,0.00418444063745169,0.00439212156614535,0.138891079093652,0.00310725295829715,0.1389653081863,0.138711845347121,0,0.164342910613096,0.138884666768494,0.00310313063087331,0.957,0.00641490451994416,0.544369030718993,0.000630781399280291,0.543740442218895,18.617836,"binary","binary",FALSE,"normal",1000
"s34","mediation-boot","pnde","rd",0.0856763769037782,1000,0,0,0.000940771967395463,0.00100302154900435,0.0317183263708394,0.000709598226834784,0.0314084525717686,0.0313435722948989,0,0.0343731268485871,0.0317164188935945,0.000697813152646219,0.948,0.00702111102319284,0.122399515498035,0.000142831332854565,0.12214105762395,10.9492020000001,"binary","binary",FALSE,"normal",1000
"s34","mediation-qb","pnde","rd",0.0856763769037782,1000,0,0,0.000703525186428078,0.000997799361612686,0.0315531863055807,0.000705903735009556,0.0312684724374143,0.0312332991514693,0,0.0344216779188789,0.031545251784644,0.000694329924924069,0.95,0.00689202437604511,0.121933969450935,0.000136976679216823,0.121815134636964,5.1675270000001,"binary","binary",FALSE,"normal",1000
"s34","regmedint-delta","pnde","clogor",0.38618080131665,1000,0,0,0.0181486518941091,0.00458541699132213,0.145003617142145,0.00324400185576288,0.143772326211495,0.143355530953748,0,0.160623224735758,0.14606298812805,0.00328647412123516,0.953,0.00669260786241059,0.563451231633163,0.000376921681076454,0.561943355307926,0.0210759999999718,"binary","binary",FALSE,"normal",1000
"s34","cmaverse-gcomp","tnie","logor",0.184064109847679,1000,0,0,0.00170591697248533,0.00150768849186026,0.0476772963630266,0.0010666302050093,0.0491335347256552,0.0487955365765235,0,0.0671118041979398,0.0476839765184951,0.00109302294226375,0.947,0.00708456067798138,0.188859301979181,0.000669954830497189,0.188964831308436,14.394129,"binary","binary",FALSE,"normal",1000
"s34","medflex-impute","tnie","logor",0.184064109847679,1000,0,0,0.00189151168213654,0.00151595808859997,0.0479388039733123,0.00107248061888022,0.0489570266659154,0.0488288711894696,0,0.0639760546193859,0.04795214921053,0.00110773859704777,0.949,0.00695693898205238,0.190740097621361,0.000668842226914074,0.191405657874212,18.77503,"binary","binary",FALSE,"normal",1000
"s34","medflex-weight","tnie","logor",0.184064109847679,1000,0,0,0.00215144687072486,0.00164383656579898,0.0519826764899401,0.00116294960308183,0.0545083907735871,0.0538050165720847,0,0.0926101623565291,0.0520012036403031,0.00116429562972601,0.956,0.00648567652600714,0.211821306373891,0.000887100868106416,0.210911789337733,18.617836,"binary","binary",FALSE,"normal",1000
"s34","mediation-boot","tnie","rd",0.0451770906628603,1000,0,0,0.000294236613734641,0.000366276993484167,0.0115826955392862,0.00025912654156308,0.0117692715371988,0.0117365795134638,0,0.0160247796611725,0.0115806412734661,0.000263267896451555,0.95,0.00689202437604511,0.0456023135273671,0.000162150783615916,0.0456547923095054,10.9492020000001,"binary","binary",FALSE,"normal",1000
"s34","mediation-qb","tnie","rd",0.0451770906628603,1000,0,0,-0.000157630609804263,0.000363250299102517,0.0114869830590137,0.000256985274539932,0.0116809646249544,0.0116046053532758,0,0.0153114443916517,0.0114823201674321,0.000257989553404225,0.948,0.00702111102319284,0.0453063595080346,0.000155170820440801,0.0452956013236888,5.1675270000001,"binary","binary",FALSE,"normal",1000
"s34","regmedint-delta","tnie","clogor",0.192705508870897,1000,0,0,0.0108320080504634,0.00175256752629294,0.0554210513633271,0.00123987247362748,0.0558907435921587,0.0551324100316939,0,0.0788302478301859,0.0564424825790612,0.00139571660653473,0.951,0.00682634602111555,0.217343809937578,0.000872837675268863,0.21611507608603,0.0210759999999718,"binary","binary",FALSE,"normal",1000
"s35","cmaverse-gcomp","pnde","md",0.4,1000,0,0,-0.000387618107696247,0.00111114134222346,0.0351373744380274,0.000786088720613486,0.0355385157148656,0.0354176990378561,0,0.0420925451749274,0.0351219403665737,0.000793664189977323,0.954,0.00662449998113065,0.138605098213217,0.000244055300320524,0.138376605094528,12.031878,"continuous","continuous",FALSE,"normal",1000
"s35","lavaan-boot","pnde","md",0.4,1000,0,0,-0.000416495247343607,0.00111040146947568,0.0351139776074108,0.000785565289795446,0.0354438274647681,0.0353330950575928,0,0.0411879666926483,0.0350988874507639,0.000795231217020426,0.949,0.00695693898205238,0.139376086038507,0.000229389187317299,0.139257917859214,22.190333,"continuous","continuous",FALSE,"normal",1000
"s35","lavaan-delta","pnde","md",0.4,1000,0,0,-0.000416495247343607,0.00111040146947568,0.0351139776074108,0.000785565289795446,0.0353799210669691,0.0353026380764244,0,0.0398267283633078,0.0350988874507639,0.000795231217020426,0.954,0.00662449998113065,0.13861309568923,0.000142977585140102,0.138383798378088,0.0459930000000313,"continuous","continuous",FALSE,"normal",1000
"s35","medflex-impute","pnde","md",0.4,1000,0,0,-0.00039268836059183,0.00111802873255459,0.0353551728438374,0.00079096127790933,0.035602686692885,0.0353948509364901,0,0.0417883994234227,0.0353396726458996,0.000798714745236823,0.951,0.00682634602111555,0.139383426085744,0.000222023222581935,0.138745266147369,18.567932,"continuous","continuous",FALSE,"normal",1000
"s35","medflex-weight","pnde","md",0.4,1000,0,0,0.00968728544659383,0.00160488241718114,0.0507508381504896,0.0011353910777296,0.0462004277384109,0.0429250796548389,0,0.152009027355954,0.0516421864828359,0.00138250634452022,0.916,0.00877177291087725,0.176760156165727,0.001247182193518,0.168263220313994,19.493312,"continuous","continuous",FALSE,"normal",1000
"s35","mediation-boot","pnde","md",0.4,1000,0,0,-0.000407566579982986,0.00111239888988905,0.0351771415869225,0.000786978386039471,0.035538481462316,0.0354469971434013,0,0.043163998251628,0.0351619107764821,0.000795735804743381,0.948,0.00702111102319284,0.138582506785188,0.00024248986158774,0.138407753674862,8.90743000000006,"continuous","continuous",FALSE,"normal",1000
"s35","mediation-qb","pnde","md",0.4,1000,0,0,-0.00034351201168991,0.00111370254987359,0.0352183669353782,0.000787900674114282,0.035509840764129,0.035496117988778,0,0.0403353109867481,0.0352024294151344,0.000796612860924615,0.95,0.00689202437604511,0.138469605510948,0.000187676398215732,0.138387618100819,4.42558100000004,"continuous","continuous",FALSE,"normal",1000
"s35","regmedint-delta","pnde","md",0.4,1000,0,0,-0.000383819128668051,0.00111220772272786,0.0351710963504904,0.000786843142804918,0.0355043061197281,0.0354399290653746,0,0.0399531083973307,0.035155601681674,0.000796287309295692,0.953,0.00669260786241059,0.139100244119828,0.000143648134730188,0.138921969165577,0.0143860000000059,"continuous","continuous",FALSE,"normal",1000
"s35","robmed-mm","pnde","md",0.4,1000,0,0,0.000134785249981311,0.0012310146318998,0.0389281006979715,0.000870894350047496,NA,NA,NA,NA,0.0389088652364866,0.000836460892948605,0.949,0.00695693898205238,0.151625446826098,0.000307592850891619,0.15091798619046,0.287573999999928,"continuous","continuous",FALSE,"normal",1000
"s35","cmaverse-gcomp","tnie","md",0.2,1000,0,0,0.000978632427138602,0.000723373971521133,0.0228750935008856,0.000511758583890211,0.0228747304696568,0.0227968820806079,0,0.0294919322552926,0.0228845877000009,0.00051775842994487,0.945,0.00720936890441875,0.0889636698839876,0.000212565178876783,0.0889402895617672,12.031878,"continuous","continuous",FALSE,"normal",1000
"s35","lavaan-boot","tnie","md",0.2,1000,0,0,0.000763446085825697,0.000635956033924629,0.0201106955892914,0.000449913837310629,0.020414826000845,0.0203349443740402,0,0.0251430536288613,0.0201151307958467,0.000441835566891396,0.95,0.00689202437604511,0.0801927993315702,0.000173674703190123,0.0800170123480451,22.190333,"continuous","continuous",FALSE,"normal",1000
"s35","lavaan-delta","tnie","md",0.2,1000,0,0,0.000763446085825697,0.000635956033924629,0.0201106955892914,0.000449913837310629,0.0203459096951548,0.0203051177515158,0,0.0235532458815107,0.0201151307958467,0.000441835566891396,0.949,0.00695693898205238,0.0796449111912628,0.000132234460614212,0.0795945989896319,0.0459930000000313,"continuous","continuous",FALSE,"normal",1000
"s35","medflex-impute","tnie","md",0.2,1000,0,0,0.000624240566208502,0.000766525049523007,0.0242396504006607,0.000542286271422482,0.0241369554710802,0.0240253016913942,0,0.0299642975497572,0.0242355682248055,0.000555951613644389,0.938,0.00762600813007697,0.0943375364029961,0.00022913741778596,0.0941774520656835,18.567932,"continuous","continuous",FALSE,"normal",1000
"s35","medflex-weight","tnie","md",0.2,1000,0,0,-0.00344196511035414,0.0010729698825517,0.0339302868962674,0.000759083916852631,0.0318211401039305,0.028525717189281,0.001,0.167152215539066,0.0340875377273726,0.00104505745206707,0.912,0.00895857131466843,0.119484632287901,0.00113310204052258,0.111818756648332,19.493312,"continuous","continuous",FALSE,"normal",1000
"s35","mediation-boot","tnie","md",0.2,1000,0,0,0.000978632427138601,0.000723373971521133,0.0228750935008856,0.000511758583890211,0.0228806869627973,0.0228037037420472,0,0.0301204954165515,0.0228845877000009,0.00051775842994487,0.94,0.00750999334220744,0.0890862433857946,0.000206374124518567,0.0892583571995986,8.90743000000006,"continuous","continuous",FALSE,"normal",1000
"s35","mediation-qb","tnie","md",0.2,1000,0,0,0.000981987563092967,0.000724306020453188,0.0229045674760458,0.000512417971786878,0.0228424521637723,0.0227593012795853,0,0.0269316057278928,0.0229141635594132,0.000517906284127169,0.944,0.00727076337120113,0.0889113483640127,0.000184632281849253,0.0888579695001169,4.42558100000004,"continuous","continuous",FALSE,"normal",1000
"s35","regmedint-delta","tnie","md",0.2,1000,0,0,0.000978632427138601,0.000723373971521133,0.0228750935008856,0.000511758583890211,0.0228390576731398,0.0227896018392103,0,0.0267852335481487,0.0228845877000009,0.00051775842994487,0.948,0.00702111102319284,0.0893840696888366,0.000160249904538016,0.0893335976537197,0.0143860000000059,"continuous","continuous",FALSE,"normal",1000
"s35","robmed-mm","tnie","md",0.2,1000,0,0,0.00130221610293872,0.00068074287438162,0.021526979839758,0.000481598762330795,NA,NA,NA,NA,0.0215555843562424,0.000460523704670455,0.962,0.00604615580348373,0.0876041685925842,0.000204726095045255,0.0875108861041664,0.287573999999928,"continuous","continuous",FALSE,"normal",1000
"s36","cmaverse-gcomp","pnde","logor",0.369467750712575,1000,0,0,-0.000900074582789391,0.00263768710149494,0.0834109899557175,0.0018660596993392,0.0833954682506878,0.082917373811092,0,0.103057046613056,0.0833741325975988,0.00188522929181901,0.935,0.0077958322198467,0.320409841831232,0.000577403926447197,0.319118125820423,16.1844890000002,"binary","continuous",FALSE,"normal",1000
"s36","medflex-impute","pnde","clogor",0.38618080131665,1000,0,0,0.00359591738913499,0.0027800112546566,0.0879116748561724,0.00196674843012422,0.0863036131484451,0.0860360742810191,0,0.105600194786113,0.0879412572988972,0.00194991206036388,0.939,0.00756828910652864,0.337881252691315,0.000534888540023111,0.337255213924021,38.102357,"binary","continuous",FALSE,"normal",1000
"s36","medflex-weight","pnde","clogor",0.38618080131665,1000,0,0,0.0151432489204543,0.00370402740477878,0.117131631147834,0.00262045345006548,528420503494.334,0.102819784552207,0.002,11854389122121.8,0.118048367986193,0.00268175149324103,0.91,0.00904986187739901,92634001875.1494,65469689074.5595,0.403046149240985,30.944854,"binary","continuous",FALSE,"normal",1000
"s36","mediation-boot","pnde","rd",0.0856763769037782,1000,0,0,-0.000333870268012687,0.000630313192659162,0.0199322532805547,0.000445921749443464,0.0195888625725798,0.0195188787958809,0,0.0248378988534987,0.0199250820694723,0.000452776682633439,0.938,0.00762600813007697,0.0762288898762519,0.00016070319021077,0.0760438142363835,12.181112,"binary","continuous",FALSE,"normal",1000
"s36","mediation-qb","pnde","rd",0.0856763769037782,1000,0,0,-0.000245320050931958,0.000626067861697536,0.019798004127955,0.000442918345054309,0.0194191189603828,0.0193260525705413,0,0.0245163150007651,0.019789623250847,0.000447465780781019,0.943,0.00733150734842434,0.075689779350416,0.000150170780834083,0.0754361512844128,5.61802599999998,"binary","continuous",FALSE,"normal",1000
"s36","regmedint-delta","pnde","clogor",0.38618080131665,1000,0,0,0.0145477170765766,0.00273945391547447,0.086629139179657,0.00193805571061351,0.0858015990218371,0.0856298975634937,0,0.104209157031174,0.0877994260766749,0.00199440766903216,0.947,0.00708456067798138,0.336117911242511,0.000383223899898915,0.335663030448604,0.023819000000185,"binary","continuous",FALSE,"normal",1000
"s36","cmaverse-gcomp","tnie","logor",0.184064109847679,1000,0,0,0.00276114667142495,0.00129574005803993,0.0409748983892495,0.000916685038857473,0.0410719081582654,0.0406807918829993,0,0.0522261955615166,0.0410473785600547,0.000934992909719703,0.953,0.00669260786241059,0.159341577847029,0.000381729982055023,0.158326553157979,16.1844890000002,"binary","continuous",FALSE,"normal",1000
"s36","medflex-impute","tnie","clogor",0.192705508870897,1000,0,0,0.0037924780010466,0.00141732781075397,0.0448198407308264,0.00100270358334074,0.0450777567207376,0.0447976176708791,0,0.0568002150937147,0.0449576711407735,0.00100791923568036,0.952,0.00675988165576884,0.176196338000821,0.000422457125526472,0.175603434456236,38.102357,"binary","continuous",FALSE,"normal",1000
"s36","medflex-weight","tnie","clogor",0.192705508870897,1000,0,0,0.00318760910661882,0.00208799292883583,0.0660281339344708,0.00147717273015342,796100969238.136,0.0546953413335266,0.002,20166834394280.4,0.0660720486152362,0.00191388689439467,0.913,0.00891240708226459,138122034563.409,98636507745.8086,0.214401798271674,30.944854,"binary","continuous",FALSE,"normal",1000
"s36","mediation-boot","tnie","rd",0.0451770906628603,1000,0,0,0.000516050287429589,0.000313229746581077,0.00990519430113544,0.000221597704442616,0.00989554991443313,0.0098091414408845,0,0.0127328586606058,0.0099136809091406,0.000224693829126478,0.951,0.00682634602111555,0.0385565899379094,9.62027857974763e-05,0.038343316785873,12.181112,"binary","continuous",FALSE,"normal",1000
"s36","mediation-qb","tnie","rd",0.0451770906628603,1000,0,0,7.66788048548712e-05,0.000311043003538144,0.00983604341440346,0.000220050669897497,0.00985062290598025,0.00976974642931158,0,0.0122289477038888,0.00983142318990967,0.000223137833485765,0.949,0.00695693898205238,0.038346997990101,9.03435525860015e-05,0.0381230131876619,5.61802599999998,"binary","continuous",FALSE,"normal",1000
"s36","regmedint-delta","tnie","clogor",0.192705508870897,1000,0,0,0.0120780834323684,0.0015176923597024,0.0479936464409513,0.00107370754735485,0.0478132071026807,0.0477080867310516,0,0.0629129038225206,0.0494668253276839,0.00115441858902051,0.953,0.00669260786241059,0.186894835466561,0.000445418376016421,0.187012263528349,0.023819000000185,"binary","continuous",FALSE,"normal",1000
"s37","cmaverse-gcomp","pnde","md",0.445,1000,0,0,-0.00245322570514187,0.00222038475527728,0.0702147310859179,0.00157083473111794,0.0706503142508873,0.0704415727121419,0,0.0795378162441949,0.0702224798007494,0.00158890268843213,0.951,0.00682634602111555,0.275686610951272,0.000382372372629232,0.275045574706263,11.4037259999999,"continuous","binary",TRUE,"normal",1000
"s37","lavaan-boot","pnde","md",0.445,1000,0,0,0.0724074166074907,0.0021379932514795,0.0676092829674437,0.00151254598840927,0.0677396137975048,0.0675943689682701,0,0.0768480236709533,0.0990417998018979,0.00188441347749704,0.824,0.0120425910833176,0.266373653152889,0.000357353303029993,0.266015108455722,21.8929339999999,"continuous","binary",TRUE,"normal",1000
"s37","lavaan-delta","pnde","md",0.445,1000,0,0,0.0724074166074907,0.0021379932514795,0.0676092829674437,0.00151254598840927,0.067451965252305,0.0674097992987475,0,0.0729434379894787,0.0990417998018979,0.00188441347749704,0.812,0.0123554036761249,0.264321053622987,0.000213086334392951,0.264241557661237,0.044009000000071,"continuous","binary",TRUE,"normal",1000
"s37","medflex-impute","pnde","md",0.445,1000,0,0,-0.00231079360248437,0.00221314857335743,0.0699859029216172,0.00156571541751548,0.0699038603793821,0.0698300159451699,0,0.078507017767944,0.0699890587750654,0.00158145738302224,0.949,0.00695693898205238,0.273811064481519,0.000336945438675122,0.273728632584781,13.5878409999999,"continuous","binary",TRUE,"normal",1000
"s37","medflex-weight","pnde","md",0.445,1000,0,0,-0.00182223847169805,0.00240111736751373,0.0759299981073097,0.00169869593340368,0.0757166934433959,0.0747454198635729,0,0.109026142215856,0.0759138972850902,0.00175078161781058,0.944,0.00727076337120113,0.29601908600273,0.000682474631582143,0.292996661883855,15.0620740000001,"continuous","binary",TRUE,"normal",1000
"s37","mediation-boot","pnde","md",0.445,1000,0,0,-0.00269582525723686,0.00224224329815825,0.0709059589042809,0.00158629878897883,0.0706491591467011,0.0704658436697284,0,0.0801183951287181,0.0709217514373763,0.00159465621337539,0.95,0.00689202437604511,0.275477778921839,0.000388506052447353,0.274678034981648,8.51276799999987,"continuous","binary",TRUE,"normal",1000
"s37","mediation-qb","pnde","md",0.445,1000,0,0,-0.00245234247001702,0.0022084624830892,0.0698377157359296,0.00156240019328283,0.0705271093142159,0.0704350098236461,0,0.0793134129637427,0.0698458532503079,0.00157549310534499,0.947,0.00708456067798138,0.274940476740538,0.000364828473182169,0.274536264983808,4.30325399999998,"continuous","binary",TRUE,"normal",1000
"s37","regmedint-delta","pnde","md",0.445,1000,0,0,-0.00228855354339117,0.00220418009552952,0.0697022947508079,0.00155937057281058,0.0699048541533571,0.0698516069607126,0,0.0761034036887407,0.0697050138867782,0.00156768191129645,0.949,0.00695693898205238,0.273913903318131,0.000243486110234853,0.273813267810488,0.0138310000000129,"continuous","binary",TRUE,"normal",1000
"s37","robmed-mm","pnde","md",0.445,1000,0,0,0.0722732467278098,0.00229845218308714,0.0726834399154172,0.0016260643604339,NA,NA,NA,NA,0.102474493158439,0.00198433228621631,0.838,0.0116514376795312,0.289416827932947,0.000384369257198896,0.288719352970722,0.269988000000172,"continuous","binary",TRUE,"normal",1000
"s37","cmaverse-gcomp","tnie","md",0.35,1000,0,0,-0.000545853386864935,0.00157203415623785,0.0497120849329261,0.00111215222733491,0.0505860446032018,0.0505093180925478,0,0.0593920269516532,0.0496902208981811,0.0010572087023294,0.961,0.00612200947402077,0.197164155508639,0.000415912031637774,0.197220332409827,11.4037259999999,"continuous","binary",TRUE,"normal",1000
"s37","lavaan-boot","tnie","md",0.35,1000,0,0,-0.075296789878921,0.00123669274267309,0.0391076583264747,0.000874911389701821,0.039377847417492,0.0393040166076733,0,0.0462589708032666,0.0848379991331177,0.0011498728436706,0.53,0.0157829021412413,0.154439405844315,0.000325788442818451,0.154471233805828,21.8929339999999,"continuous","binary",TRUE,"normal",1000
"s37","lavaan-delta","tnie","md",0.35,1000,0,0,-0.075296789878921,0.00123669274267309,0.0391076583264747,0.000874911389701821,0.0390996494001856,0.0391559388848892,0,0.0453398277612278,0.0848379991331177,0.0011498728436706,0.512,0.0158068339650924,0.153017385119916,0.000277088408176708,0.153488459990469,0.044009000000071,"continuous","binary",TRUE,"normal",1000
"s37","medflex-impute","tnie","md",0.35,1000,0,0,-0.000384345264827884,0.00157919954971468,0.0499386745701071,0.001117221460903,0.0509482775956012,0.050818538288078,0,0.0609696235511638,0.0499151787323639,0.00105902735911758,0.96,0.00619677335393187,0.199298216918002,0.000407308237166688,0.199205009583205,13.5878409999999,"continuous","binary",TRUE,"normal",1000
"s37","medflex-weight","tnie","md",0.35,1000,0,0,-0.000899868539943079,0.00178795286342779,0.0565400339745177,0.00126490620546681,0.0572028959309964,0.0559201691028895,0,0.0944901406228989,0.0565189209892312,0.00117902270322918,0.946,0.00714730718522718,0.222463611606709,0.000889031577233002,0.219203034902106,15.0620740000001,"continuous","binary",TRUE,"normal",1000
"s37","mediation-boot","tnie","md",0.35,1000,0,0,-0.000545853386864935,0.00157203415623785,0.0497120849329261,0.00111215222733491,0.0505709260663755,0.0505663547038575,0,0.0601966178008559,0.0496902208981811,0.0010572087023294,0.958,0.00634318531969546,0.196866289460274,0.000422561874930624,0.197477012139959,8.51276799999987,"continuous","binary",TRUE,"normal",1000
"s37","mediation-qb","tnie","md",0.35,1000,0,0,-0.000616918067142866,0.00157392206745012,0.0497717859274356,0.00111348785013382,0.0505758745220347,0.0505224152130198,0,0.0602824399016888,0.0497507189056966,0.0010572448588284,0.96,0.00619677335393187,0.197216349862003,0.000399137855545777,0.197267043953637,4.30325399999998,"continuous","binary",TRUE,"normal",1000
"s37","regmedint-delta","tnie","md",0.35,1000,0,0,-0.000545853386864937,0.00157203415623785,0.0497120849329261,0.00111215222733491,0.0504887207159813,0.0504910027012191,0,0.0588133911012646,0.0496902208981811,0.0010572087023294,0.959,0.00627048642451286,0.197579340830043,0.00036297980470985,0.197921093675408,0.0138310000000129,"continuous","binary",TRUE,"normal",1000
"s37","robmed-mm","tnie","md",0.35,1000,0,0,-0.0756600125902942,0.00135609523131103,0.0428834965503574,0.000959383945950738,NA,NA,NA,NA,0.0869574193917438,0.0012327868738401,0.584,0.0155866609637857,0.168476047636138,0.000383358481807982,0.167858531673051,0.269988000000172,"continuous","binary",TRUE,"normal",1000
"s38","cmaverse-gcomp","pnde","logor",0.434530633250415,1000,0,0,0.000398919712835869,0.00423095326466423,0.133794489900642,0.00299323273503625,0.135704999648053,0.135355276570356,0,0.155117621333104,0.133728170925884,0.00294826538994395,0.942,0.00739161687318817,0.520934072411888,0.000610577070375124,0.5205399406113,14.38718,"binary","binary",TRUE,"normal",1000
"s38","medflex-impute","pnde","logor",0.434530633250415,1000,0,0,0.00041289730409097,0.00423562059396308,0.133942083812386,0.00299653468662224,0.133448788012066,0.133245268855005,0,0.150152011597725,0.133875732746349,0.00291826639399231,0.951,0.00682634602111555,0.522853948140484,0.000517405540230495,0.522311856132331,18.7792529999999,"binary","binary",TRUE,"normal",1000
"s38","medflex-weight","pnde","logor",0.434530633250415,1000,0,0,0.000699175215569495,0.00430730620553204,0.136208981892586,0.00304724943239155,0.135805285025892,0.135622650624672,0,0.151138305304883,0.136142655723505,0.00296886688018843,0.95,0.00689202437604511,0.532032650481374,0.000578664849841135,0.531631021424433,18.67339,"binary","binary",TRUE,"normal",1000
"s38","mediation-boot","pnde","rd",0.101515643610063,1000,0,0,-0.000151500134957457,0.00098288484919944,0.0310815480114136,0.000695352305109521,0.0308908397296065,0.0308810784917012,0,0.0348515419251073,0.031066372759785,0.000676546308891401,0.946,0.00714730718522718,0.120419615588465,0.000140232117706729,0.120353746634503,10.9284770000001,"binary","binary",TRUE,"normal",1000
"s38","mediation-qb","pnde","rd",0.101515643610063,1000,0,0,-0.000402759669459354,0.000973033162907348,0.0307700103366489,0.000688382625214667,0.0307321289271065,0.0306934503277936,0,0.0338180475258902,0.0307572586218717,0.000668770134304153,0.948,0.00702111102319284,0.119923943419872,0.000137299610273293,0.120048201455316,5.11558799999997,"binary","binary",TRUE,"normal",1000
"s38","regmedint-delta","pnde","clogor",0.451099943453182,1000,0,0,0.167166396908341,0.00462337914764965,0.146204085931008,0.00327085858565425,0.148070908265916,0.147332353364911,0,0.171766815487327,0.222033473520313,0.00405416335394397,0.793,0.0128121426779442,0.58012358320787,0.000593991149739528,0.57753221270551,0.0210879999998942,"binary","binary",TRUE,"normal",1000
"s38","cmaverse-gcomp","tnie","logor",0.297934003915237,1000,0,0,0.00545050393248919,0.00178834021979887,0.0565522832585059,0.0012651802448375,0.0555687483887266,0.0552868935988962,0,0.0720748265224026,0.056786182950843,0.00128472371022533,0.946,0.00714730718522718,0.21376256111731,0.000615129001797653,0.213443578300908,14.38718,"binary","binary",TRUE,"normal",1000
"s38","medflex-impute","tnie","logor",0.297934003915237,1000,0,0,0.00580563833955332,0.00179609302831335,0.0567974485901947,0.00127066505140055,0.0554239382685475,0.05517359906853,0,0.0768206129544442,0.0570651351765607,0.00132362260851858,0.942,0.00739161687318817,0.216391652999346,0.000613188440255255,0.216276534143543,18.7792529999999,"binary","binary",TRUE,"normal",1000
"s38","medflex-weight","tnie","logor",0.297934003915237,1000,0,0,0.0056241084134493,0.00197806301509587,0.0625518448304299,0.00139940164742504,0.0605871899386663,0.0596226052939459,0,0.0834932222198858,0.0627730129422247,0.00151284600719021,0.935,0.0077958322198467,0.236117925270281,0.000808705181659546,0.233716318081162,18.67339,"binary","binary",TRUE,"normal",1000
"s38","mediation-boot","tnie","rd",0.0739603125523154,1000,0,0,0.00119497223872449,0.000438498878561487,0.0138665520768388,0.000310220679710365,0.0134790897221239,0.0134537741982464,0,0.0169674698071391,0.0139110367652632,0.000310879674616473,0.943,0.00733150734842434,0.0523528303923237,0.00014070059898791,0.052374615024297,10.9284770000001,"binary","binary",TRUE,"normal",1000
"s38","mediation-qb","tnie","rd",0.0739603125523154,1000,0,0,0.000600370548235339,0.00043559992426724,0.0137748790928133,0.000308169783766091,0.0134178102820024,0.0133777602168411,0,0.016533089140252,0.0137810736709007,0.000303744988197226,0.95,0.00689202437604511,0.0521237298224719,0.000137662438535335,0.0520689910794848,5.11558799999997,"binary","binary",TRUE,"normal",1000
"s38","regmedint-delta","tnie","clogor",0.315251907081195,1000,0,0,0.0450267680009759,0.00239234518529984,0.0756525973488508,0.00169248996011165,0.0720291160313821,0.0712164874273667,0,0.102724172439176,0.0880056930360498,0.00216548864035382,0.923,0.00843036179532053,0.280247167993535,0.00108795039793218,0.279163500926176,0.0210879999998942,"binary","binary",TRUE,"normal",1000
"s39","cmaverse-gcomp","pnde","md",0.445,1000,0,0,-0.000140078380553819,0.00118582230144742,0.0374989937279664,0.000838922556831912,0.0381142269726956,0.0380149740377643,0,0.043806937013613,0.0374805013044403,0.000813031688969346,0.959,0.00627048642451286,0.148649255854308,0.000239470035677196,0.148461747046518,12.001464,"continuous","continuous",TRUE,"normal",1000
"s39","lavaan-boot","pnde","md",0.445,1000,0,0,-0.000578904336186722,0.00135896924147401,0.0429743807316922,0.000961417194904937,0.042427126038188,0.0422152885134637,0,0.0508666694737352,0.0429567891270241,0.000974314427366777,0.945,0.00720936890441875,0.166670791286343,0.000310819253269786,0.166259622623089,22.004939,"continuous","continuous",TRUE,"normal",1000
"s39","lavaan-delta","pnde","md",0.445,1000,0,0,-0.000578904336186722,0.00135896924147401,0.0429743807316922,0.000961417194904937,0.0390607572456921,0.0389979337159543,0,0.0441447484195108,0.0429567891270241,0.000974314427366777,0.927,0.00822623850857729,0.153037316870671,0.000154646184495894,0.152869091109501,0.0455510000000941,"continuous","continuous",TRUE,"normal",1000
"s39","medflex-impute","pnde","md",0.445,1000,0,0,6.24809202464782e-06,0.00115421703971436,0.0364995475967439,0.00081656307940424,0.0368316662418258,0.0367799358902395,0,0.0431600974447949,0.0364812937932698,0.000780230140568399,0.954,0.00662449998113065,0.144214364484863,0.000217072655699764,0.144174699397123,18.565866,"continuous","continuous",TRUE,"normal",1000
"s39","medflex-weight","pnde","md",0.445,1000,0,0,0.00883256332244637,0.00189645852257123,0.0599712841936293,0.00134166968418385,0.0513975940114923,0.0467015726252177,0,0.146813335154875,0.0605885512927174,0.00170099255154694,0.897,0.00961202372032029,0.195900793955436,0.00148903253818997,0.183066800733617,19.513726,"continuous","continuous",TRUE,"normal",1000
"s39","mediation-boot","pnde","md",0.445,1000,0,0,-0.000390313594178741,0.00120786455319588,0.0381960309308059,0.000854516581478418,0.0379934644170503,0.037901815061791,0,0.0448958546217706,0.0381789233319906,0.000815363782227501,0.955,0.00655553201502365,0.148162731531569,0.00023383405504043,0.147981617372239,8.97720500000007,"continuous","continuous",TRUE,"normal",1000
"s39","mediation-qb","pnde","md",0.445,1000,0,0,-0.000179992574811759,0.00115518129729167,0.0365300400986979,0.000817245253648406,0.0380439062299022,0.037991126408519,0,0.0438208217723564,0.0365122141633433,0.00078683566135481,0.959,0.00627048642451286,0.148323449040317,0.00019648980840605,0.14816336163542,4.41659500000007,"continuous","continuous",TRUE,"normal",1000
"s39","regmedint-delta","pnde","md",0.445,1000,0,0,4.8324188151343e-05,0.00115094220626291,0.0363959882701011,0.000814246263765899,0.0367836009052583,0.0367194562129233,0,0.0405142892226432,0.0363778178210615,0.00077846567693966,0.955,0.00655553201502365,0.14412500524111,0.000135970967488964,0.143937623418451,0.0144049999999334,"continuous","continuous",TRUE,"normal",1000
"s39","robmed-mm","pnde","md",0.445,1000,0,0,-0.000743746798146257,0.00147529652409497,0.046652972402696,0.00104371416406007,NA,NA,NA,NA,0.0466355711176829,0.00101145707345467,0.954,0.00662449998113065,0.182582391931194,0.000416624402053464,0.181754848998509,0.285112000000066,"continuous","continuous",TRUE,"normal",1000
"s39","cmaverse-gcomp","tnie","md",0.35,1000,0,0,0.000521357976642258,0.000902344007512579,0.0285346229674384,0.000638372832928181,0.0292001535382299,0.0290862492493247,0,0.0349133855411879,0.0285251169555144,0.000679980924303268,0.951,0.00682634602111555,0.113731497152583,0.000225447243938138,0.113421625091829,12.001464,"continuous","continuous",TRUE,"normal",1000
"s39","lavaan-boot","tnie","md",0.35,1000,0,0,-0.149510080490238,0.000732886085260731,0.0231758929486827,0.000518488029583346,0.0228940176627941,0.0227219062219171,0,0.0301613598991002,0.151293916137273,0.000724452590271834,0,0,0.0897747606976766,0.000223986530414025,0.0894044560291862,22.004939,"continuous","continuous",TRUE,"normal",1000
"s39","lavaan-delta","tnie","md",0.35,1000,0,0,-0.149510080490238,0.000732886085260731,0.0231758929486827,0.000518488029583346,0.0216614969737352,0.0216089084919281,0,0.0255874194043739,0.151293916137273,0.000724452590271834,0,0,0.0847727981932309,0.000153494007947442,0.0847053647788018,0.0455510000000941,"continuous","continuous",TRUE,"normal",1000
"s39","medflex-impute","tnie","md",0.35,1000,0,0,0.000941342771034121,0.000956989626756471,0.0302626691770486,0.000677032455503834,0.0312022047373213,0.0309852367011599,0,0.03754702233992,0.0302621784210316,0.000656068039954295,0.951,0.00682634602111555,0.122058603603925,0.000248176579023805,0.121459895973444,18.565866,"continuous","continuous",TRUE,"normal",1000
"s39","medflex-weight","tnie","md",0.35,1000,0,0,-0.0151352864934984,0.00146402157309035,0.0462964271458818,0.00103573758045778,0.0405054071354076,0.0360114408892926,0,0.138440180134275,0.0486856519371749,0.00122469299101394,0.865,0.0108062481925967,0.15224126130365,0.0014265956683713,0.141162254348813,19.513726,"continuous","continuous",TRUE,"normal",1000
"s39","mediation-boot","tnie","md",0.35,1000,0,0,0.000521357976642257,0.000902344007512579,0.0285346229674384,0.000638372832928181,0.029235628594744,0.0290636223858669,0,0.0355730056636205,0.0285251169555144,0.000679980924303268,0.955,0.00655553201502365,0.113859474419562,0.000227514498055682,0.113360564609932,8.97720500000007,"continuous","continuous",TRUE,"normal",1000
"s39","mediation-qb","tnie","md",0.35,1000,0,0,0.000528279139199944,0.000902637742678912,0.0285439116889834,0.000638580638985185,0.0292754587975983,0.0292104246887751,0,0.0338423068863605,0.0285345267783239,0.000683818880997965,0.951,0.00682634602111555,0.114158429962939,0.000193461126212389,0.114053697166311,4.41659500000007,"continuous","continuous",TRUE,"normal",1000
"s39","regmedint-delta","tnie","md",0.35,1000,0,0,0.000521357976642257,0.000902344007512579,0.0285346229674384,0.000638372832928181,0.029238283117231,0.0291625640567965,0,0.0329715473843762,0.0285251169555144,0.000679980924303268,0.957,0.00641490451994416,0.114497543068037,0.000161991077573335,0.114315150496327,0.0144049999999334,"continuous","continuous",TRUE,"normal",1000
"s39","robmed-mm","tnie","md",0.35,1000,0,0,-0.149433600139659,0.000800314380592719,0.0253081628685985,0.00056619089185342,NA,NA,NA,NA,0.151559438687847,0.000785464964935884,0.002,0.00141279864099595,0.0982201487337648,0.000259154322877318,0.0978649204323238,0.285112000000066,"continuous","continuous",TRUE,"normal",1000
"s40","cmaverse-gcomp","pnde","logor",0.434530633250415,1000,0,0,0.00377334015896083,0.00253710453146693,0.0802302898136984,0.00179490149400132,0.081005704242604,0.0806111423149017,0,0.0964811251724741,0.0802788926190544,0.00176673359031321,0.956,0.00648567652600714,0.311159346266085,0.000560152757763011,0.310075043859834,15.8101120000001,"binary","continuous",TRUE,"normal",1000
"s40","medflex-impute","pnde","clogor",0.451099943453182,1000,0,0,-0.00634523477859834,0.00261937725125908,0.0828319816520985,0.0018531062017061,0.0831150239895139,0.0826591395939447,0,0.0960301131891984,0.0830333550546087,0.00180883241311164,0.956,0.00648567652600714,0.325431033344639,0.000493683914409033,0.324017873194401,36.7797569999999,"binary","continuous",TRUE,"normal",1000
"s40","medflex-weight","pnde","clogor",0.451099943453182,1000,0,0,0.00978389826165274,0.00354475468337596,0.11209498546017,0.00250777427502405,1734343141520.29,0.100095838887236,0.006,36374624232651.1,0.112465306404886,0.00256763637299915,0.926,0.00827792244467173,435245519833.409,214653773299.952,0.392368478442612,30.422121,"binary","continuous",TRUE,"normal",1000
"s40","mediation-boot","pnde","rd",0.101515643610063,1000,0,0,0.000819154913944433,0.000610936284962168,0.0193195016572213,0.000432213350698715,0.0191309967140256,0.0190796939806287,0,0.0230142760980255,0.0193272066246556,0.000410185494151646,0.959,0.00627048642451286,0.0745221433595882,0.000143013890923881,0.0743339085038731,11.965565,"binary","continuous",TRUE,"normal",1000
"s40","mediation-qb","pnde","rd",0.101515643610063,1000,0,0,0.00081083322112506,0.000607211576265988,0.0192017160262156,0.000429578266049827,0.0189690751726306,0.018952567448298,0,0.0229326288489149,0.0192092332737555,0.000411953652086113,0.954,0.00662449998113065,0.0739430452710478,0.000133506012712252,0.0739773979876114,5.45956099999991,"binary","continuous",TRUE,"normal",1000
"s40","regmedint-delta","pnde","clogor",0.451099943453182,1000,0,0,0.169687275739876,0.00305983866832174,0.096760594645532,0.00216471530008195,0.0972237680254255,0.0962868878263219,0,0.123619342505384,0.195312625325403,0.00300444795576537,0.586,0.0155757503832079,0.380213330568776,0.000826720344728141,0.377437664646078,0.0232569999999032,"binary","continuous",TRUE,"normal",1000
"s40","cmaverse-gcomp","tnie","logor",0.297934003915237,1000,0,0,0.00199146156545847,0.00129081293627437,0.0408190891183677,0.000913199294337113,0.0413575056003971,0.0412420313143298,0,0.0501710227567752,0.0408472490822025,0.000978019930951091,0.948,0.00702111102319284,0.160533465963241,0.000380629535670028,0.160346426719352,15.8101120000001,"binary","continuous",TRUE,"normal",1000
"s40","medflex-impute","tnie","clogor",0.315251907081195,1000,0,0,0.00340509300520145,0.00141278686281063,0.0446762433484543,0.000999491041584347,0.0456950197366434,0.0454271143634607,0,0.0581860210749676,0.0447835395138063,0.00106481005710471,0.949,0.00695693898205238,0.178590255848752,0.00043601590423499,0.17807101614793,36.7797569999999,"binary","continuous",TRUE,"normal",1000
"s40","medflex-weight","tnie","clogor",0.315251907081195,1000,0,0,-0.00241869220307111,0.00202088696763032,0.0639060571146278,0.00142969790657786,2050279131376.4,0.0558747369201465,0.006,36092302348739.4,0.0639198734649508,0.00149102963176293,0.92,0.00857904423581089,582461237605.974,253609080478.515,0.219024944018275,30.422121,"binary","continuous",TRUE,"normal",1000
"s40","mediation-boot","tnie","rd",0.0739603125523154,1000,0,0,0.000331519277607522,0.000318376886947658,0.0100679611710853,0.000225239103454453,0.0101253660476869,0.0101007463642535,0,0.0124700102564238,0.0100683853388597,0.000245030792745279,0.945,0.00720936890441875,0.0394286738054844,9.22030783968027e-05,0.0393520881499428,11.965565,"binary","continuous",TRUE,"normal",1000
"s40","mediation-qb","tnie","rd",0.0739603125523154,1000,0,0,-0.000266242923653451,0.000316273100466316,0.0100014336011682,0.000223750757408168,0.0100939052324298,0.0100803918754487,0,0.0122452269557231,0.00999997653491713,0.000240551240201067,0.948,0.00702111102319284,0.0393067339922025,8.05789079689196e-05,0.0392141107196968,5.45956099999991,"binary","continuous",TRUE,"normal",1000
"s40","regmedint-delta","tnie","clogor",0.315251907081195,1000,0,0,0.0401769894371526,0.00177890507682726,0.0562539178401096,0.00125850525293006,0.0564340402543358,0.0563119668689607,0,0.068957893779299,0.0691052042130151,0.00161611334430874,0.908,0.00913980306133562,0.220555949540193,0.000540824965322307,0.220738853923551,0.0232569999999032,"binary","continuous",TRUE,"normal",1000
"s41","cmaverse-gcomp","pnde","md",0.4,1000,0,0,-0.00100326676567626,0.00217708277114202,0.0688454021151989,0.001540200283442,0.0684596335960981,0.0655634885048712,0,0.175532844644306,0.068818284250729,0.00161457087287106,0.934,0.00785136930732467,0.263994483537244,0.0012253359068491,0.255620866936023,11.501817,"continuous","binary",FALSE,"t3",1000
"s41","lavaan-boot","pnde","md",0.4,1000,0,0,-0.00118444758862407,0.00212231284811088,0.0671134250746937,0.00150145272083445,0.0665724872289132,0.0638233541589318,0.001,0.237385428761931,0.0670903162127104,0.001612570297172,0.939,0.00756828910652864,0.258466227807668,0.00126699320268373,0.251025009406512,22.2299369999999,"continuous","binary",FALSE,"t3",1000
"s41","lavaan-delta","pnde","md",0.4,1000,0,0,-0.00118444758862407,0.00212231284811088,0.0671134250746937,0.00150145272083445,0.0659200387755148,0.0639033188741696,0,0.145060018958228,0.0670903162127104,0.001612570297172,0.938,0.00762600813007697,0.256554957645278,0.000975703782264728,0.250496406971902,0.0438249999998661,"continuous","binary",FALSE,"t3",1000
"s41","medflex-impute","pnde","md",0.4,1000,0,0,-0.00097160506934285,0.00218131697076185,0.0689792992638637,0.00154319581284541,0.0683255651102324,0.0655986112312234,0,0.168424646578542,0.0689516468230999,0.00161674493856312,0.941,0.00745110730026082,0.264871902887739,0.0012562065870227,0.257141830898085,13.7295149999999,"continuous","binary",FALSE,"t3",1000
"s41","medflex-weight","pnde","md",0.4,1000,0,0,-0.291409866669776,0.0287211503857956,0.908242522393378,0.0203190822835725,0.491594422307318,0.0969976848684401,0.008,4.74969446278871,0.953414540164193,0.0952760325860681,0.881,0.0102390917565964,0.914047104731483,0.0536729394280345,0.380223937851817,15.1969780000001,"continuous","binary",FALSE,"t3",1000
"s41","mediation-boot","pnde","md",0.4,1000,0,0,-0.000947095555535878,0.00218357460656138,0.0690506919764,0.00154479300122264,0.0684187016419307,0.0655189952212143,0,0.171716760075052,0.0690226560945648,0.0016183772253727,0.937,0.00768316341099159,0.264037450919301,0.001234634961112,0.255985348414384,8.60963000000001,"continuous","binary",FALSE,"t3",1000
"s41","mediation-qb","pnde","md",0.4,1000,0,0,-0.000901261110566494,0.00218173488885089,0.0689925149942311,0.00154349147342742,0.0681631515033075,0.0658633708090636,0,0.160109571788978,0.0689638994669921,0.00161731650989185,0.941,0.00745110730026082,0.264015810457931,0.00104388252158816,0.257148483402839,4.33347999999999,"continuous","binary",FALSE,"t3",1000
"s41","regmedint-delta","pnde","md",0.4,1000,0,0,-0.000960725849230431,0.00218019510516319,0.0689438227586601,0.00154240213713591,0.0680225152411837,0.0658992599437419,0,0.15090636952432,0.0689160390623137,0.00161573251212118,0.945,0.00720936890441875,0.264717645766768,0.00101206409716753,0.258320352195154,0.0139020000000091,"continuous","binary",FALSE,"t3",1000
"s41","robmed-mm","pnde","md",0.4,1000,0,0,-0.00127281377001785,0.00150632502682674,0.0476341798128673,0.00106566560721865,NA,NA,NA,NA,0.0476273674083638,0.0011060592906621,0.951,0.00682634602111555,0.190345224059909,0.000385078330416232,0.190705894842137,0.272604000000043,"continuous","binary",FALSE,"t3",1000
"s41","cmaverse-gcomp","tnie","md",0.2,1000,0,0,0.000627567556477957,0.00106910665653185,0.0338081209628799,0.000756350836654834,0.0346757396842562,0.0330952154678601,0,0.0927324773353647,0.0337970397377584,0.000768535773282287,0.942,0.00739161687318817,0.133109702202494,0.000740805525923333,0.129165121700347,11.501817,"continuous","binary",FALSE,"t3",1000
"s41","lavaan-boot","tnie","md",0.2,1000,0,0,0.000831130817834398,0.000949717089671087,0.0300326913614701,0.000671887422054152,0.0305549036306447,0.0296606147195875,0,0.0598919665688087,0.0300291752517324,0.000667880612999653,0.953,0.00669260786241059,0.119259716036928,0.000500496935009352,0.116731797581179,22.2299369999999,"continuous","binary",FALSE,"t3",1000
"s41","lavaan-delta","tnie","md",0.2,1000,0,0,0.000831130817834398,0.000949717089671087,0.0300326913614701,0.000671887422054152,0.0303930800180168,0.0299692795659882,0,0.057743457241544,0.0300291752517324,0.000667880612999653,0.956,0.00648567652600714,0.118563763743225,0.000369860583723283,0.117477417183898,0.0438249999998661,"continuous","binary",FALSE,"t3",1000
"s41","medflex-impute","tnie","md",0.2,1000,0,0,0.000682383636365431,0.00108167805283055,0.0342056634196048,0.000765244604222688,0.0349802576927305,0.0334164041529358,0,0.0923419827708031,0.0341953656215648,0.000779081904519618,0.939,0.00756828910652864,0.135031420931267,0.000754323261156762,0.130989897265178,13.7295149999999,"continuous","binary",FALSE,"t3",1000
"s41","medflex-weight","tnie","md",0.2,1000,0,0,0.291057694483831,0.0286271308294571,0.905269362967098,0.020252567151837,0.48940109102947,0.0764191278564039,0.008,4.74379998787218,0.950477610691368,0.095075839987215,0.873,0.0105295299040366,0.848421479911671,0.0544377473992431,0.299557476657026,15.1969780000001,"continuous","binary",FALSE,"t3",1000
"s41","mediation-boot","tnie","md",0.2,1000,0,0,0.000627567556477959,0.00106910665653185,0.0338081209628799,0.000756350836654835,0.0347271539637841,0.0331328945322375,0,0.0926988278138811,0.0337970397377584,0.000768535773282287,0.941,0.00745110730026082,0.133358704939637,0.000747151200234079,0.129112189066746,8.60963000000001,"continuous","binary",FALSE,"t3",1000
"s41","mediation-qb","tnie","md",0.2,1000,0,0,0.000627298513586051,0.00106908345972988,0.0338073874155933,0.000756334425831395,0.0344875582184185,0.0337571386662871,0,0.0580317731493314,0.0337963016889318,0.000768725022105847,0.943,0.00733150734842434,0.133577350245871,0.000487473710183482,0.132076855306007,4.33347999999999,"continuous","binary",FALSE,"t3",1000
"s41","regmedint-delta","tnie","md",0.2,1000,0,0,0.00062756755647796,0.00106910665653185,0.0338081209628799,0.000756350836654835,0.0343815614536936,0.0336954543639561,0,0.0591601918077814,0.0337970397377584,0.000768535773282287,0.942,0.00739161687318817,0.133941238423968,0.000473070651614211,0.132083753992134,0.0139020000000091,"continuous","binary",FALSE,"t3",1000
"s41","robmed-mm","tnie","md",0.2,1000,0,0,0.000212202739674787,0.000682831547001098,0.0215930294673979,0.000483076415915298,NA,NA,NA,NA,0.0215832734463764,0.000455301216431388,0.958,0.00634318531969546,0.0886805101834224,0.000236161209626232,0.088341195663634,0.272604000000043,"continuous","binary",FALSE,"t3",1000
"s42","cmaverse-gcomp","pnde","logor",0.371667608962379,1000,0,0,-0.008152255550035,0.00439771417983467,0.139067933066969,0.00311120951213316,0.139842223603233,0.139613992422514,0,0.158168894931007,0.139237241383419,0.00327188070020622,0.94,0.00750999334220744,0.537539087898453,0.000684678611398213,0.536471416050166,14.2977990000002,"binary","binary",FALSE,"t3",1000
"s42","medflex-impute","pnde","logor",0.371667608962379,1000,0,0,-0.00606678871113452,0.00443359078713348,0.140202451004805,0.00313659079825742,0.138853123620017,0.138704762759688,0,0.155525449980343,0.140263596366814,0.00330889293501723,0.941,0.00745110730026082,0.543992325211614,0.000573499639550777,0.543712678986321,18.896025,"binary","binary",FALSE,"t3",1000
"s42","medflex-weight","pnde","logor",0.371667608962379,1000,0,0,-0.127536037103612,0.0108111972043236,0.341880073989074,0.00764849606049286,0.255610360701652,0.15314345511186,0.007,1.27242929362694,0.364733524324099,0.0219527916025015,0.899,0.00952885092757778,0.812066884317902,0.0185699898113022,0.600311312974543,18.868819,"binary","binary",FALSE,"t3",1000
"s42","mediation-boot","pnde","rd",0.0861047825993948,1000,0,0,-0.00194337672036646,0.00101747204334192,0.0321752911250602,0.000719821382228608,0.0317362810678975,0.0316962273156288,0,0.0355504039324398,0.0322178649618602,0.000759470791341607,0.943,0.00733150734842434,0.123893042439693,0.000159956262969361,0.123808551821638,10.7897879999998,"binary","binary",FALSE,"t3",1000
"s42","mediation-qb","pnde","rd",0.0861047825993948,1000,0,0,-0.00207154154009991,0.00100947350912877,0.031922355264497,0.000714162734415349,0.0315995802870583,0.0315485831920152,0,0.0353818720408713,0.031973567414655,0.000755984006462765,0.942,0.00739161687318817,0.123205787795394,0.000149196709987241,0.123012025577576,5.12404000000004,"binary","binary",FALSE,"t3",1000
"s42","regmedint-delta","pnde","clogor",0.388827491022998,1000,0,0,0.00486801302627623,0.00470633689943754,0.148827440383174,0.00332954792650572,0.147874781139619,0.144667962719226,0.001,0.559553408033485,0.148832640757397,0.00346825346954011,0.94,0.00750999334220744,0.575597221132729,0.00216714123828524,0.567087993292932,0.0211129999998666,"binary","binary",FALSE,"t3",1000
"s42","cmaverse-gcomp","tnie","logor",0.185276004809576,1000,0,0,0.000443358551884635,0.00164886706117194,0.052141754721315,0.0011665084803565,0.054119108918343,0.0536343603746966,0,0.0799079981565976,0.0521175631590531,0.00116541160862148,0.947,0.00708456067798138,0.206711586070343,0.000851806835928144,0.206125236628303,14.2977990000002,"binary","binary",FALSE,"t3",1000
"s42","medflex-impute","tnie","logor",0.185276004809576,1000,0,0,0.00239390753437858,0.00166590599483338,0.0526805731140219,0.00117856285458736,0.0535783678803008,0.053169019761394,0,0.0757602832440224,0.0527086172662624,0.00122601428900719,0.955,0.00655553201502365,0.208408724804777,0.000822365020446727,0.208418727651261,18.896025,"binary","binary",FALSE,"t3",1000
"s42","medflex-weight","tnie","logor",0.185276004809576,1000,0,0,0.124213202986145,0.00995552951457062,0.314821485790736,0.00704314488333095,0.225651003352503,0.0875767248120093,0.012,1.27103133973136,0.33829332707526,0.0231392900110203,0.909,0.00909499862561837,0.584902189982319,0.0209936545085627,0.343294453031027,18.868819,"binary","binary",FALSE,"t3",1000
"s42","mediation-boot","tnie","rd",0.0454633538780183,1000,0,0,-2.74467771182264e-05,0.000398489883592798,0.012601356566886,0.000281915892125885,0.0129079141052369,0.0128431967419054,0,0.0186538059149982,0.0125950842182198,0.000280145653231247,0.951,0.00682634602111555,0.0500138465340091,0.000202715969560723,0.0499690931832063,10.7897879999998,"binary","binary",FALSE,"t3",1000
"s42","mediation-qb","tnie","rd",0.0454633538780183,1000,0,0,-0.000516812920145925,0.000394716149461961,0.0124820206155124,0.000279246123913581,0.0128519965639776,0.0126966634575635,0,0.0180478977741603,0.0124864780223192,0.000272745985640885,0.955,0.00655553201502365,0.0498104058817214,0.000191310247795725,0.0496106837446631,5.12404000000004,"binary","binary",FALSE,"t3",1000
"s42","regmedint-delta","tnie","clogor",0.194222580362012,1000,0,0,0.00963659010371847,0.0019263542328821,0.0609166695621387,0.00136281972133671,0.0619319900438526,0.0607398711317272,0,0.122193450932762,0.0616440885952525,0.00150803953988917,0.96,0.00619677335393187,0.240116813911326,0.00113223488691629,0.238095919687579,0.0211129999998666,"binary","binary",FALSE,"t3",1000
"s43","cmaverse-gcomp","pnde","md",0.4,1000,0,0,0.000788862873962385,0.00109875871805756,0.0347458014802867,0.000777328501891961,0.0352564345187496,0.0339304711292712,0,0.0927542740546149,0.0347373826650901,0.000826090813267107,0.949,0.00695693898205238,0.13621850879971,0.000634524806632013,0.132502012190077,12.162719,"continuous","continuous",FALSE,"t3",1000
"s43","lavaan-boot","pnde","md",0.4,1000,0,0,0.00075107716234434,0.00109544743967312,0.0346410896636696,0.00077498590289946,0.0351813416004136,0.033759868507928,0,0.0918383498062726,0.0346319102114958,0.000821635028468964,0.951,0.00682634602111555,0.137194488358336,0.000648705076099332,0.133247588943908,21.894599,"continuous","continuous",FALSE,"t3",1000
"s43","lavaan-delta","pnde","md",0.4,1000,0,0,0.00075107716234434,0.00109544743967312,0.0346410896636696,0.00077498590289946,0.0351818969763236,0.0341731206251858,0,0.0970470518197248,0.0346319102114958,0.000821635028468964,0.951,0.00682634602111555,0.136781008117523,0.000557290716704166,0.133956171329414,0.0462519999999058,"continuous","continuous",FALSE,"t3",1000
"s43","medflex-impute","pnde","md",0.4,1000,0,0,0.000768174753772121,0.00109631155607143,0.0346684154234912,0.000775597231205046,0.0353876755105755,0.0341082221349416,0,0.0836217731100288,0.0346595906121252,0.000817322470113201,0.957,0.00641490451994416,0.137278704315122,0.000630396218112188,0.133701773922355,18.500893,"continuous","continuous",FALSE,"t3",1000
"s43","medflex-weight","pnde","md",0.4,1000,0,0,-0.289035720530228,0.013695710045764,0.433096379178631,0.00968917524590024,0.232914423365133,0.131559138094231,0.002,1.46509557693846,0.520506050806723,0.0240183119389873,0.369,0.0152590628807932,0.691674368338735,0.0188553776925788,0.515702345003649,19.489047,"continuous","continuous",FALSE,"t3",1000
"s43","mediation-boot","pnde","md",0.4,1000,0,0,0.000758417759782801,0.00109783880990289,0.0347167114302174,0.000776677703116944,0.0353144435948494,0.0339211214530105,0,0.0980729989847616,0.0347076360470547,0.000823228462287168,0.95,0.00689202437604511,0.13632931680169,0.000647780436987523,0.132481622387778,9.00145200000002,"continuous","continuous",FALSE,"t3",1000
"s43","mediation-qb","pnde","md",0.4,1000,0,0,0.000828582660858054,0.00109910759276708,0.0347568338672878,0.00077757531700327,0.0353845462884379,0.0344571059371526,0,0.0932295213137883,0.0347493311044061,0.000822876323999068,0.945,0.00720936890441875,0.136970355122956,0.00056810588562517,0.134054711596032,4.439842,"continuous","continuous",FALSE,"t3",1000
"s43","regmedint-delta","pnde","md",0.4,1000,0,0,0.000762216543663393,0.00109777454439156,0.0347146791763094,0.000776632237799742,0.0353500275169777,0.0343307165412286,0,0.097517216787586,0.0347056885167722,0.000822919684505613,0.95,0.00689202437604511,0.137438085466934,0.000559114179735972,0.134573935968523,0.0141419999999489,"continuous","continuous",FALSE,"t3",1000
"s43","robmed-mm","pnde","md",0.4,1000,0,0,0.00150547563839242,0.00079379682571599,0.0251020596867425,0.000561579978570036,NA,NA,NA,NA,0.0251346323628188,0.000578046981487577,0.959,0.00627048642451286,0.102442533474918,0.00027519973156244,0.101765951786033,0.281077000000056,"continuous","continuous",FALSE,"t3",1000
"s43","cmaverse-gcomp","tnie","md",0.2,1000,0,0,-6.79042784926669e-05,0.000755187038555593,0.0238811110127307,0.000534265075381084,0.0233800335067591,0.0220777027061522,0.001,0.077716409862105,0.02386926405925,0.000565446578386709,0.934,0.00785136930732467,0.0893115230061471,0.000557071597887768,0.0859019632222825,12.162719,"continuous","continuous",FALSE,"t3",1000
"s43","lavaan-boot","tnie","md",0.2,1000,0,0,-2.27017185307787e-05,0.000691441408226438,0.0218652971854983,0.000489167553503378,0.0207154081796047,0.0195152876280951,0,0.0588607767064339,0.0218543735933376,0.000524017095179827,0.934,0.00785136930732467,0.0800144583698426,0.000483263519699249,0.076691128326126,21.894599,"continuous","continuous",FALSE,"t3",1000
"s43","lavaan-delta","tnie","md",0.2,1000,0,0,-2.27017185307787e-05,0.000691441408226438,0.0218652971854983,0.000489167553503378,0.020543852318445,0.0200558384225379,0,0.0459814850667756,0.0218543735933376,0.000524017095179827,0.933,0.00790638982089803,0.0800250277271649,0.000284999853069211,0.078617441975858,0.0462519999999058,"continuous","continuous",FALSE,"t3",1000
"s43","medflex-impute","tnie","md",0.2,1000,0,0,-0.00028617891084252,0.000803567850175465,0.0254110466103941,0.000568492593396393,0.0249148381931051,0.0232732124840921,0.001,0.0886856314688857,0.0253999501360691,0.00060608179327496,0.941,0.00745110730026082,0.0953252040480399,0.000672225213785751,0.0912293165467371,18.500893,"continuous","continuous",FALSE,"t3",1000
"s43","medflex-weight","tnie","md",0.2,1000,0,0,0.496939440006887,0.0181949149733428,0.57537373148865,0.0128721854633232,0.322123252224478,0.165031934860955,0.002,2.23687410358112,0.760047816252797,0.0333617677831558,0.295,0.0144213383567546,0.9125372324591,0.0276124863443687,0.646913297252866,19.489047,"continuous","continuous",FALSE,"t3",1000
"s43","mediation-boot","tnie","md",0.2,1000,0,0,-6.79042784926673e-05,0.000755187038555593,0.0238811110127307,0.000534265075381084,0.0233791164982356,0.0220039259705766,0.001,0.0778880898194333,0.0238692640592499,0.000565446578386708,0.934,0.00785136930732467,0.0893118394969137,0.000549091373073964,0.0859746847135495,9.00145200000002,"continuous","continuous",FALSE,"t3",1000
"s43","mediation-qb","tnie","md",0.2,1000,0,0,-6.06503383295877e-05,0.000754945291312052,0.0238734662936541,0.000534094048731129,0.0231536477803099,0.0226417178893259,0,0.0517215845094889,0.0238616036540905,0.000566164279285613,0.933,0.00790638982089803,0.0897506205444171,0.000350246084423261,0.0883685566973641,4.439842,"continuous","continuous",FALSE,"t3",1000
"s43","regmedint-delta","tnie","md",0.2,1000,0,0,-6.79042784926675e-05,0.000755187038555593,0.0238811110127307,0.000534265075381084,0.0231281200327629,0.0226152538358871,0,0.0523536065864224,0.02386926405925,0.000565446578386708,0.934,0.00785136930732467,0.0900350937813518,0.000336352482244061,0.0886501660391401,0.0141419999999489,"continuous","continuous",FALSE,"t3",1000
"s43","robmed-mm","tnie","md",0.2,1000,0,0,-0.000198698081313996,0.000478041696157158,0.0151170057638678,0.000338195665170839,NA,NA,NA,NA,0.0151107518121722,0.000341027358025522,0.945,0.00720936890441875,0.0600565831286769,0.000269172610163673,0.059506092871871,0.281077000000056,"continuous","continuous",FALSE,"t3",1000
"s44","cmaverse-gcomp","pnde","logor",0.371667608962379,1000,0,0,0.00212960879330745,0.00271232735996571,0.0857713221748306,0.00191886474137835,0.0862991654874384,0.0857497497247597,0,0.106208018818956,0.0857548728733446,0.00198082401032797,0.937,0.00768316341099159,0.331659198585247,0.000639320470236099,0.330592602463209,16.1997200000001,"binary","continuous",FALSE,"t3",1000
"s44","medflex-impute","pnde","clogor",0.388827491022998,1000,0,0,0.00813118263911177,0.00281922700602397,0.0891517858009297,0.00199449202911459,0.0893019960390565,0.0890494987495446,0,0.108775086358859,0.0894774217425489,0.00199551486186567,0.947,0.00708456067798138,0.349592006911128,0.000570904814939073,0.349067620780904,38.89008,"binary","continuous",FALSE,"t3",1000
"s44","medflex-weight","pnde","clogor",0.388827491022998,1000,0,3,-246541340545.46,550388181663.44,17404802512949.9,389377953212.353,19447249113116.6,0.246141790649227,0.021,224539268428665,17397844866444.5,7610152958325.41,0.699,0.0145051370210695,17720516013881.9,2345799611222.65,0.964858089525365,40.133062,"binary","continuous",FALSE,"t3",1000
"s44","mediation-boot","pnde","rd",0.0861047825993948,1000,0,0,0.000557015252638282,0.000650988695562814,0.0205860700900044,0.000460548853132226,0.0202869720062519,0.0202243874830962,0,0.0248974300246999,0.0205833126940368,0.000477188020500101,0.94,0.00750999334220744,0.0789489017345024,0.000171186185987981,0.0786489696136039,12.2457900000002,"binary","continuous",FALSE,"t3",1000
"s44","mediation-qb","pnde","rd",0.0861047825993948,1000,0,0,0.000685925408875482,0.000645848973473302,0.020423537806573,0.000456912702259135,0.0200767372843687,0.0200108568782487,0,0.0240278357822573,0.0204248444132758,0.000473630935529982,0.944,0.00727076337120113,0.0781818891579412,0.000155843968704515,0.0780737943241114,5.65716800000006,"binary","continuous",FALSE,"t3",1000
"s44","regmedint-delta","pnde","clogor",0.388827491022998,1000,0,0,0.0170157048965473,0.0029333721855955,0.0927613733146793,0.00207524524633719,0.0910419146636158,0.0881233201757151,0.001,0.623569135434763,0.0942634707613318,0.00400320493567104,0.947,0.00708456067798138,0.349685014424009,0.00225548324281384,0.345437067484987,0.0253330000001151,"binary","continuous",FALSE,"t3",1000
"s44","cmaverse-gcomp","tnie","logor",0.185276004809576,1000,0,0,-0.000572323190719661,0.00146203210350304,0.0462335145935664,0.00103433010910993,0.0456769708832224,0.0452342887022118,0,0.0650909469551316,0.0462139360759985,0.00100504170113498,0.938,0.00762600813007697,0.176608325834573,0.000540127244262011,0.17556210388115,16.1997200000001,"binary","continuous",FALSE,"t3",1000
"s44","medflex-impute","tnie","clogor",0.194222580362012,1000,0,0,0.00151962970340364,0.00164214152530376,0.0519290746030291,0.00116175042871613,0.0510662529266552,0.0504990765801411,0,0.0722381605769064,0.0519253448209379,0.00122377869194826,0.947,0.00708456067798138,0.199246677663835,0.000609571369213203,0.197952742699213,38.89008,"binary","continuous",FALSE,"t3",1000
"s44","medflex-weight","tnie","clogor",0.194222580362012,1000,0,3,1164835284024.96,753606248784.984,23831122050960.5,533146728901.553,24676568182808.7,0.286516103530546,0.025,254559429875500,23847668587693.8,8416847930514.4,0.471,0.0157847711418316,22994309180743.1,2972686167447.13,1.12312248782124,40.133062,"binary","continuous",FALSE,"t3",1000
"s44","mediation-boot","tnie","rd",0.0454633538780183,1000,0,0,-0.000285517884351021,0.000351963255787454,0.011130055409768,0.000249000136104446,0.0109660755198868,0.010839027530023,0,0.015285533338655,0.0111281523962141,0.000241991264757399,0.943,0.00733150734842434,0.0425995280865594,0.000130854816691379,0.0424291841015335,12.2457900000002,"binary","continuous",FALSE,"t3",1000
"s44","mediation-qb","tnie","rd",0.0454633538780183,1000,0,0,-0.00075040908628722,0.000348746296658927,0.0110283262299098,0.00024672426426932,0.0109003312790147,0.0108228562463286,0,0.0136381840296076,0.0110483242734211,0.000241908394981612,0.939,0.00756828910652864,0.0424355887991608,0.000107149618217952,0.042350991206935,5.65716800000006,"binary","continuous",FALSE,"t3",1000
"s44","regmedint-delta","tnie","clogor",0.194222580362012,1000,0,0,0.00840406255158914,0.00171524613668146,0.054240845397179,0.00121346906094148,0.0530126863695011,0.0527309457345016,0,0.105563944312234,0.0548612386613927,0.00122653182680172,0.947,0.00708456067798138,0.206837439939793,0.0006340129970153,0.206701509020718,0.0253330000001151,"binary","continuous",FALSE,"t3",1000
"s45","cmaverse-gcomp","pnde","md",0.445,1000,0,0,-0.00207534522518561,0.00221444391300434,0.0700268651578947,0.00156663181927923,0.0701866148862568,0.0680105725324996,0,0.151214059231534,0.0700226044917056,0.00157151850639326,0.947,0.00708456067798138,0.271944546388351,0.00114250803240717,0.264884665125109,11.5885819999999,"continuous","binary",TRUE,"t3",1000
"s45","lavaan-boot","pnde","md",0.445,1000,0,0,0.0744835698445947,0.00217248100246185,0.0686998814122532,0.00153694471341064,0.0676763771352189,0.0655212720514111,0,0.164967573497294,0.101305262494829,0.00193556379614182,0.787,0.0129472390879291,0.264290890414138,0.00111534562326145,0.25837511386618,22.390941,"continuous","binary",TRUE,"t3",1000
"s45","lavaan-delta","pnde","md",0.445,1000,0,0,0.0744835698445947,0.00217248100246185,0.0686998814122532,0.00153694471341064,0.0665793485124806,0.0645406101543176,0,0.147789172631143,0.101305262494829,0.00193556379614182,0.779,0.0131209374665075,0.259092797923425,0.000992839710776691,0.252994542885405,0.0445750000000771,"continuous","binary",TRUE,"t3",1000
"s45","medflex-impute","pnde","md",0.445,1000,0,0,-0.00222350260820249,0.00220792783846352,0.0698208087883704,0.00156202195327518,0.0695585685580545,0.0673027754580867,0,0.157574213649956,0.0698213030411995,0.00157384531886349,0.948,0.00702111102319284,0.270175843377758,0.00116290081111797,0.263822031914872,13.6731750000001,"continuous","binary",TRUE,"t3",1000
"s45","medflex-weight","pnde","md",0.445,1000,0,0,-0.628455697059545,0.0646254340647662,2.04363566421695,0.0457199483563513,1.04664705428255,0.135047758023884,0.007,12.2829711477056,2.13710712050145,0.239311787298162,0.87,0.0106348483769163,1.70623280512049,0.118048793190259,0.529377483839387,15.115519,"continuous","binary",TRUE,"t3",1000
"s45","mediation-boot","pnde","md",0.445,1000,0,0,-0.00174773543139607,0.00222286120787936,0.0702930433933181,0.00157258672376159,0.0701640206995369,0.0678636647898383,0,0.155333069218987,0.0702796230545068,0.00157618169914648,0.946,0.00714730718522718,0.271173173586661,0.0011419350494589,0.264892256197883,8.65970500000008,"continuous","binary",TRUE,"t3",1000
"s45","mediation-qb","pnde","md",0.445,1000,0,0,-0.00216321942238813,0.00219972480139835,0.0695614059798032,0.00155621862775153,0.0700400653710791,0.0679633724927077,0,0.153199438920799,0.0695602611478315,0.00155886463805541,0.947,0.00708456067798138,0.271285865831452,0.00106013660137284,0.265443711314199,4.32282000000001,"continuous","binary",TRUE,"t3",1000
"s45","regmedint-delta","pnde","md",0.445,1000,0,0,-0.0022583437430206,0.00220584874056442,0.0697550619399742,0.0015605510734281,0.0692788887976438,0.0673373729170083,0,0.152665675145525,0.069756741710354,0.00156449359824386,0.94,0.00750999334220744,0.269607968351528,0.0010304959147421,0.263957651461758,0.014264000000112,"continuous","binary",TRUE,"t3",1000
"s45","robmed-mm","pnde","md",0.445,1000,0,0,0.0761035149205541,0.0015911724232444,0.0503172900750174,0.00112569179719361,NA,NA,NA,NA,0.0912197502412495,0.00145950742092667,0.685,0.0146892818068141,0.203840920522714,0.00052284936723709,0.202383736524615,0.280119999999864,"continuous","binary",TRUE,"t3",1000
"s45","cmaverse-gcomp","tnie","md",0.35,1000,0,0,0.00257083727782136,0.00156565710605619,0.0495104248996536,0.00110764071558739,0.0507449798302942,0.048882414789984,0,0.129340262349803,0.0495523974786239,0.0011628772536663,0.949,0.00695693898205238,0.195740194921714,0.000891206168933159,0.191589707385867,11.5885819999999,"continuous","binary",TRUE,"t3",1000
"s45","lavaan-boot","tnie","md",0.35,1000,0,0,-0.0741051037584011,0.00126668255001495,0.040056019304374,0.000896127996796682,0.0403342674485152,0.0386445376302744,0.001,0.121417635129004,0.0842285379243476,0.00113463614936527,0.548,0.0157383607786834,0.156074007875896,0.000870500845117881,0.151976456129388,22.390941,"continuous","binary",TRUE,"t3",1000
"s45","lavaan-delta","tnie","md",0.35,1000,0,0,-0.0741051037584011,0.00126668255001495,0.040056019304374,0.000896127996796682,0.039054912083191,0.0379261830127603,0.001,0.135985543067795,0.0842285379243476,0.00113463614936527,0.505,0.0158105977116616,0.15160748268246,0.000672993294849487,0.14866790555217,0.0445750000000771,"continuous","binary",TRUE,"t3",1000
"s45","medflex-impute","tnie","md",0.35,1000,0,0,0.00265140557463682,0.00157999642563096,0.0499638739991867,0.00111778521921682,0.0509780823809903,0.0492712714631112,0,0.134376243980027,0.0500092218278071,0.00115875726883838,0.952,0.00675988165576884,0.197770285815793,0.000905498266164059,0.193139835080388,13.6731750000001,"continuous","binary",TRUE,"t3",1000
"s45","medflex-weight","tnie","md",0.35,1000,0,0,0.628692735515797,0.0645442626036053,2.04106879723422,0.0456625227457385,1.04615393565558,0.127096487497289,0.007,12.283258204514,2.13472490707783,0.238936424068871,0.866,0.0107723720693262,1.67385063629063,0.118444958389829,0.498209076112463,15.115519,"continuous","binary",TRUE,"t3",1000
"s45","mediation-boot","tnie","md",0.35,1000,0,0,0.00257083727782136,0.00156565710605619,0.0495104248996536,0.00110764071558739,0.0506534388934205,0.0487953271240908,0,0.136105385271563,0.0495523974786239,0.0011628772536663,0.947,0.00708456067798138,0.195493376485126,0.000887751714061881,0.190582198522545,8.65970500000008,"continuous","binary",TRUE,"t3",1000
"s45","mediation-qb","tnie","md",0.35,1000,0,0,0.0025285333175904,0.0015667093187083,0.0495436987852889,0.00110838511458154,0.0507306108189834,0.0494544494070353,0,0.139468395425011,0.0495834346528785,0.00116137415730597,0.953,0.00669260786241059,0.196361498650706,0.000789272251280485,0.192923008246882,4.32282000000001,"continuous","binary",TRUE,"t3",1000
"s45","regmedint-delta","tnie","md",0.35,1000,0,0,0.00257083727782136,0.00156565710605619,0.0495104248996536,0.00110764071558739,0.0506328524392617,0.0494412754955206,0,0.138805233764743,0.0495523974786239,0.0011628772536663,0.952,0.00675988165576884,0.197004448584283,0.000763546418408184,0.193806238641886,0.014264000000112,"continuous","binary",TRUE,"t3",1000
"s45","robmed-mm","tnie","md",0.35,1000,0,0,-0.0757223535158999,0.000977025170025315,0.0308962486859327,0.000691206812965401,NA,NA,NA,NA,0.0817771265493417,0.000933998097739078,0.358,0.0151603430040352,0.124420495810484,0.000449820431226241,0.122433863443893,0.280119999999864,"continuous","binary",TRUE,"t3",1000
"s46","cmaverse-gcomp","pnde","logor",0.432003984824414,1000,0,0,0.00212019737304757,0.00410308768334344,0.12975102518749,0.00290277287416037,0.137297456018973,0.13711974318897,0,0.156417136473693,0.129703463506447,0.00283480953983112,0.961,0.00612200947402077,0.527801426971987,0.000709880036170211,0.52763541869222,14.3265749999998,"binary","binary",TRUE,"t3",1000
"s46","medflex-impute","pnde","logor",0.432003984824414,1000,0,0,-0.000409992986200355,0.00416193189770942,0.131611842632687,0.0029444028373601,0.137150523378976,0.136911171013133,0,0.150998374519545,0.13154665916814,0.00286417761392006,0.96,0.00619677335393187,0.537335145488781,0.000553803279000173,0.53668192853389,18.7822749999999,"binary","binary",TRUE,"t3",1000
"s46","medflex-weight","pnde","logor",0.432003984824414,1000,0,0,-0.103667585013451,0.0112903568296964,0.357032431778785,0.00798748261653732,0.261915820153586,0.151337520716825,0.008,1.43888212729491,0.371606853229393,0.0263629149769917,0.906,0.00922843432007835,0.813256085386935,0.0198268090549303,0.593232180229122,18.7656520000001,"binary","binary",TRUE,"t3",1000
"s46","mediation-boot","pnde","rd",0.100782200219591,1000,0,0,0.000352605257400611,0.000956623463508504,0.0302510900784584,0.000676773409432742,0.0312832528822979,0.0312676562012454,0,0.0344369984753706,0.0302380166834999,0.000653609148722524,0.957,0.00641490451994416,0.121905419070811,0.000163064105633545,0.121801335185025,10.8644600000001,"binary","binary",TRUE,"t3",1000
"s46","mediation-qb","pnde","rd",0.100782200219591,1000,0,0,0.000238497576639124,0.000947379909699476,0.0299587832413499,0.000670233959309214,0.0311701587569542,0.0311690073842301,0,0.0348397528921471,0.0299447498854632,0.000647556064041577,0.959,0.00627048642451286,0.121582616796323,0.000152937706930917,0.121431939765376,5.11226999999997,"binary","binary",TRUE,"t3",1000
"s46","regmedint-delta","pnde","clogor",0.447418227151819,1000,0,0,0.168761394085286,0.00503714586662469,0.159288538450367,0.0035635822369052,0.154008926164157,0.147421712320862,0.002,0.66313442233595,0.232008348506647,0.00597153341291018,0.814,0.01230463327369,0.595417625164178,0.0031537585960157,0.57788249337623,0.0208289999999033,"binary","binary",TRUE,"t3",1000
"s46","cmaverse-gcomp","tnie","logor",0.305157633203393,1000,0,0,-0.00373680611419924,0.00181840761298987,0.0575030977163797,0.00128645174086373,0.0607111310284244,0.0601396308719237,0,0.119703971811799,0.0575956887333388,0.00130050787843835,0.956,0.00648567652600714,0.23258070577244,0.000753619052644718,0.231909085849055,14.3265749999998,"binary","binary",TRUE,"t3",1000
"s46","medflex-impute","tnie","logor",0.305157633203393,1000,0,0,0.003482054722552,0.00181421535471722,0.0573705268695672,0.00128348588331096,0.0596879855552682,0.0591590003183297,0,0.0768128489411746,0.0574474601791,0.00133094467936857,0.954,0.00662449998113065,0.232936721033145,0.000695807130336133,0.23189901997064,18.7822749999999,"binary","binary",TRUE,"t3",1000
"s46","medflex-weight","tnie","logor",0.305157633203393,1000,0,0,0.106983485976332,0.0108047264717384,0.341675451458083,0.00764391827213593,0.236394447620907,0.0909372743749031,0.011,1.44141958145657,0.357869862221735,0.027230417095304,0.888,0.00997276290703835,0.609968097460107,0.0220704503267681,0.356467565254094,18.7656520000001,"binary","binary",TRUE,"t3",1000
"s46","mediation-boot","tnie","rd",0.0757274753150735,1000,0,0,-0.00112096057383214,0.000443944950151018,0.0140387719820713,0.000314073560784538,0.0146709462879563,0.0145167595241425,0,0.0285572343084973,0.0140764549604619,0.000315210029281095,0.959,0.00627048642451286,0.0567926257004745,0.000179545218758173,0.0563865700546676,10.8644600000001,"binary","binary",TRUE,"t3",1000
"s46","mediation-qb","tnie","rd",0.0757274753150735,1000,0,0,-0.00185495673676272,0.000441386863288263,0.0139578781726827,0.000312263815117855,0.0146300941722337,0.0145363292672946,0,0.0192327547238136,0.0140736777430645,0.000312384650771329,0.954,0.00662449998113065,0.0567960693189705,0.00016623922902483,0.0566751602170825,5.11226999999997,"binary","binary",TRUE,"t3",1000
"s46","regmedint-delta","tnie","clogor",0.324728988617171,1000,0,0,0.0330320662518426,0.00241666935302599,0.0764217950708765,0.0017096983504048,0.0796873332563916,0.0780315577308687,0,0.137291359972255,0.0832199968274411,0.00212880461518753,0.95,0.00689202437604511,0.309528109261898,0.00132976092338163,0.305878085620121,0.0208289999999033,"binary","binary",TRUE,"t3",1000
"s47","cmaverse-gcomp","pnde","md",0.445,1000,0,0,-0.000126731570417033,0.00119390255422968,0.0377545137565849,0.000844639017313104,0.0380533563730519,0.0364289018471841,0.001,0.131367031228803,0.0377358445854614,0.000914192580843612,0.952,0.00675988165576884,0.146493044823322,0.000749428105823767,0.142229216878953,12.0214409999999,"continuous","continuous",TRUE,"t3",1000
"s47","lavaan-boot","pnde","md",0.445,1000,0,0,0.000116956574761762,0.00161663839185852,0.0511225947114474,0.00114370796662801,0.0477183787711977,0.0440223155643083,0,0.135663025960451,0.0510971608720217,0.00159464533791631,0.953,0.00669260786241059,0.1822682932531,0.00110323293286141,0.17338522992892,22.2900410000001,"continuous","continuous",TRUE,"t3",1000
"s47","lavaan-delta","pnde","md",0.445,1000,0,0,0.000116956574761762,0.00161663839185852,0.0511225947114474,0.00114370796662801,0.0389500535649065,0.0378970626491202,0,0.120834305168989,0.0510971608720217,0.00159464533791631,0.867,0.0107382959542006,0.15152219221669,0.000594129190153202,0.148553755824267,0.0455670000000464,"continuous","continuous",TRUE,"t3",1000
"s47","medflex-impute","pnde","md",0.445,1000,0,0,-0.00028614506353563,0.0011624531207236,0.0367599953465726,0.000822389782216386,0.036907363594358,0.035167088501342,0.001,0.144719065877507,0.0367427249890308,0.000909269936282461,0.953,0.00669260786241059,0.142360898195777,0.0008152701692766,0.137852453807526,18.5272520000001,"continuous","continuous",TRUE,"t3",1000
"s47","medflex-weight","pnde","md",0.445,1000,0,0,-0.266015292655669,0.020032225655158,0.633474596727579,0.0141720103805992,0.319491892150698,0.143980353883512,0.002,2.97828512605464,0.686769910931712,0.0532135090417081,0.5,0.0158113883008419,0.836541280862616,0.029487911444718,0.564392616186032,19.4831490000001,"continuous","continuous",TRUE,"t3",1000
"s47","mediation-boot","pnde","md",0.445,1000,0,0,-3.3937566763004e-05,0.00119767339967969,0.03787375835985,0.000847306741897536,0.0379055330328027,0.0362074355722238,0.001,0.132112178040316,0.0378548319569173,0.000922410608468622,0.952,0.00675988165576884,0.146026443565237,0.000752509854295732,0.14154712901519,9.0643650000002,"continuous","continuous",TRUE,"t3",1000
"s47","mediation-qb","pnde","md",0.445,1000,0,0,-0.00013992355165374,0.00114997604479391,0.0363654355618057,0.000813562742593378,0.0379601059107447,0.0368641077468234,0.001,0.118100222183871,0.0363475176222057,0.000903922270410028,0.952,0.00675988165576884,0.146950298382896,0.000603781343843248,0.143819114278304,4.50318100000011,"continuous","continuous",TRUE,"t3",1000
"s47","regmedint-delta","pnde","md",0.445,1000,0,0,-0.0001935457219858,0.00115674585550686,0.0365795157736169,0.000818352116941997,0.0367891891672604,0.0356036915455325,0.001,0.121256498603224,0.036561733728101,0.000900029206534988,0.95,0.00689202437604511,0.142906472083684,0.000612306687142175,0.139563906291834,0.014329999999849,"continuous","continuous",TRUE,"t3",1000
"s47","robmed-mm","pnde","md",0.445,1000,0,0,-0.000156233116844855,0.00122127406958492,0.038620077071913,0.000864003285988225,NA,NA,NA,NA,0.038601078371909,0.000807253649163655,0.948,0.00702111102319284,0.152983833574847,0.000502684511199588,0.152040783620506,0.29061599999998,"continuous","continuous",TRUE,"t3",1000
"s47","cmaverse-gcomp","tnie","md",0.35,1000,0,0,0.000968460367667073,0.000946158162159149,0.0299201481918185,0.00066936962106133,0.0296457971800194,0.0281144072845456,0,0.0877211372800786,0.0299208617529024,0.000759085607985472,0.941,0.00745110730026082,0.113927448970982,0.000633348330608317,0.109951877609303,12.0214409999999,"continuous","continuous",TRUE,"t3",1000
"s47","lavaan-boot","tnie","md",0.35,1000,0,0,-0.149044716863555,0.00122044326268424,0.0385938046508937,0.000863415522839815,0.0327992242396419,0.0267144134918947,0.002,0.157553794308935,0.153955577685939,0.00123040440701678,0.031,0.00548078461536302,0.116280286632009,0.00133229272237652,0.10499268018693,22.2900410000001,"continuous","continuous",TRUE,"t3",1000
"s47","lavaan-delta","tnie","md",0.35,1000,0,0,-0.149044716863555,0.00122044326268424,0.0385938046508937,0.000863415522839815,0.022172676036287,0.0215507613462253,0,0.0695521467180065,0.153955577685939,0.00123040440701678,0.012,0.00344325427466517,0.0859244597850259,0.000414037178254186,0.0844774321560388,0.0455670000000464,"continuous","continuous",TRUE,"t3",1000
"s47","medflex-impute","tnie","md",0.35,1000,0,0,0.000700189330690891,0.000991357720434671,0.0313494837256601,0.00070134652767701,0.0316742125014321,0.029795361563429,0,0.0800659041734944,0.031341627348215,0.000733320390313009,0.953,0.00669260786241059,0.122168958872444,0.00070078455838101,0.11679567114134,18.5272520000001,"continuous","continuous",TRUE,"t3",1000
"s47","medflex-weight","tnie","md",0.35,1000,0,0,0.69948798100149,0.0328894417117221,1.04005546780389,0.0232679841658345,0.528652134028806,0.205099883316937,0.005,6.03338376273312,1.25296332599889,0.10850361476893,0.258,0.0138360398958662,1.25730173590223,0.0521176158875025,0.803976769069127,19.4831490000001,"continuous","continuous",TRUE,"t3",1000
"s47","mediation-boot","tnie","md",0.35,1000,0,0,0.000968460367667073,0.000946158162159149,0.0299201481918185,0.000669369621061331,0.0296583116037682,0.0280949069123641,0.001,0.093687267473029,0.0299208617529024,0.000759085607985472,0.94,0.00750999334220744,0.11384076218705,0.000635894018159245,0.109183813994097,9.0643650000002,"continuous","continuous",TRUE,"t3",1000
"s47","mediation-qb","tnie","md",0.35,1000,0,0,0.000974296609491838,0.000945678936125694,0.0299049937340208,0.000669030587524184,0.0296876003244551,0.0288760976784129,0,0.0706112671721833,0.0299059123830867,0.000756676630217482,0.948,0.00702111102319284,0.115059174805809,0.000437744447726018,0.112777582624135,4.50318100000011,"continuous","continuous",TRUE,"t3",1000
"s47","regmedint-delta","tnie","md",0.35,1000,0,0,0.000968460367667075,0.000946158162159149,0.0299201481918185,0.000669369621061331,0.0296331075002437,0.0288267607430221,0,0.0702303151074146,0.0299208617529024,0.000759085607985472,0.948,0.00702111102319284,0.115359733615268,0.000430558717459081,0.112998825694553,0.014329999999849,"continuous","continuous",TRUE,"t3",1000
"s47","robmed-mm","tnie","md",0.35,1000,0,0,-0.150162728619533,0.000726323424669535,0.0229683633988946,0.000513845205784143,NA,NA,NA,NA,0.151907416665447,0.000718236003386534,0,0,0.0932307972359195,0.00064441915733173,0.0894813836051725,0.29061599999998,"continuous","continuous",TRUE,"t3",1000
"s48","cmaverse-gcomp","pnde","logor",0.432003984824414,1000,0,0,0.010811900690936,0.00261685807256901,0.0827523182271627,0.0018513239820386,0.0830149458905762,0.0826281517925333,0,0.100650363304405,0.0834145995755437,0.00191231356989059,0.943,0.00733150734842434,0.318992110845758,0.000606437450447924,0.317608943882967,16.0245440000001,"binary","continuous",TRUE,"t3",1000
"s48","medflex-impute","pnde","clogor",0.447418227151819,1000,0,0,0.00299187478279319,0.0027614804109269,0.0873256781246674,0.00195363858830138,0.0867094952717456,0.086468440920919,0,0.0999396971580605,0.0873332674333727,0.00202555958857349,0.955,0.00655553201502365,0.33945260335355,0.00054847553124366,0.338950060008661,37.6266379999999,"binary","continuous",TRUE,"t3",1000
"s48","medflex-weight","pnde","clogor",0.447418227151819,1000,0,1,-120863508020.171,120863508020.162,3822039713417.39,85506169897.6185,16388240428162.3,0.22185902910077,0.052,203564553659490,3822039713417.39,1911019856708.7,0.69,0.0146253205093085,12071093586924.9,1996282597546.13,0.869671413365065,39.398096,"binary","continuous",TRUE,"t3",1000
"s48","mediation-boot","pnde","rd",0.100782200219591,1000,0,0,0.00265130783175205,0.000626574961081764,0.0198140400184973,0.000443277097888916,0.0196563584189393,0.0196110006002668,0,0.0241556990854094,0.0199808162719011,0.000457559389190388,0.939,0.00756828910652864,0.0765330290409468,0.000160606447764775,0.0764867316468703,12.0317260000002,"binary","continuous",TRUE,"t3",1000
"s48","mediation-qb","pnde","rd",0.100782200219591,1000,0,0,0.00250756429323545,0.000617642871950024,0.019531582559298,0.000436957996752849,0.019449172643033,0.0193815912337152,0,0.0232629276297852,0.0196822029569383,0.0004535368523449,0.948,0.00702111102319284,0.0756818045033816,0.000150436417751037,0.0755470047232398,5.58848999999989,"binary","continuous",TRUE,"t3",1000
"s48","regmedint-delta","pnde","clogor",0.447418227151819,1000,0,0,0.176436365610473,0.00383892869109707,0.121397584388357,0.00271589079502005,0.0997293441987916,0.0954040986223053,0.001,0.625760151847014,0.214131798740088,0.0115775007715634,0.588,0.0155645751628498,0.383227432717702,0.00244344289459534,0.373977194554452,0.0234080000000758,"binary","continuous",TRUE,"t3",1000
"s48","cmaverse-gcomp","tnie","logor",0.305157633203393,1000,0,0,-0.00567245310507718,0.00148274540710146,0.0468885267659421,0.0010489839553009,0.0459489348598437,0.0455269688351917,0,0.0776135316916676,0.0472071195114411,0.0010841607894982,0.947,0.00708456067798138,0.177874728919706,0.000510503113904824,0.176772919850308,16.0245440000001,"binary","continuous",TRUE,"t3",1000
"s48","medflex-impute","tnie","clogor",0.324728988617171,1000,0,0,0.00243066912800906,0.00172704808146867,0.0546140556606504,0.00122181847188138,0.0535705972203285,0.0530871397851457,0,0.0732379819270869,0.0546408321041945,0.00126678720843235,0.953,0.00669260786241059,0.209205173567568,0.000574923066818087,0.208097764042258,37.6266379999999,"binary","continuous",TRUE,"t3",1000
"s48","medflex-weight","tnie","clogor",0.324728988617171,1000,0,1,-189037888123.715,189037888124.393,5977902905411.76,133736857748.287,23786687507882.8,0.257461868800175,0.054,319990453817431,5977902905411.74,2988951452705.87,0.355,0.0151319199046255,17333411556819.5,2898628021849.4,1.00923198048144,39.398096,"binary","continuous",TRUE,"t3",1000
"s48","mediation-boot","tnie","rd",0.0757274753150735,1000,0,0,-0.00152197772781543,0.000364089953275325,0.0115135352553431,0.000257579296784789,0.0112260463599084,0.0111245369167861,0,0.0192586156519656,0.011607986422542,0.000266136993763588,0.944,0.00727076337120113,0.0436220251437281,0.000124527569445602,0.0434074567431959,12.0317260000002,"binary","continuous",TRUE,"t3",1000
"s48","mediation-qb","tnie","rd",0.0757274753150735,1000,0,0,-0.00219861615114081,0.000360454743292293,0.0113985798221495,0.0002550075289492,0.0111549381395843,0.011104420977679,0,0.013872985179156,0.0116030861118932,0.000264754528933896,0.944,0.00727076337120113,0.0435250784165487,9.88671039319941e-05,0.043484882055233,5.58848999999989,"binary","continuous",TRUE,"t3",1000
"s48","regmedint-delta","tnie","clogor",0.324728988617171,1000,0,0,0.0297057120019344,0.00203089318261738,0.0642224814157919,0.00143677690943596,0.0624658059239619,0.0619764142222401,0,0.111305044574174,0.0707306999656048,0.00171837655465658,0.935,0.0077958322198467,0.243896114806633,0.000687235000771468,0.242943079533053,0.0234080000000758,"binary","continuous",TRUE,"t3",1000
