"package","version","published","title","description","keyword_title","keyword_description","task_view"
"abima","1.1","2024-10-25 23:30:10 UTC","Adaptive Bootstrap Inference for Mediation Analysis with Enhanced Statistical Power","Assess whether and how a specific continuous or categorical exposure affects the outcome of interest through one- or multi-dimensional mediators using an adaptive bootstrap (AB) approach. The AB method allows to make inference for composite null hypotheses of no mediation effect, providing valid type I error control and thus optimizes statistical power. For more technical details, refer to He, Song and Xu (2024) <doi:10.1093/jrsssb/qkad129>.",TRUE,TRUE,FALSE
"AgriDataTools","0.2.1","2026-09-02 12:20:33 UTC","Automated Statistical Analysis and Tools for Agricultural Research","A comprehensive suite of statistical tools tailored for agricultural and plant breeding research. Provides automated pipelines for analysis of variance and covariance under randomized complete block designs and completely randomized designs, descriptive summary statistics, and post-hoc multiple range tests including Least Significant Difference, Tukey, and Scheffe based on Steel et al. (1997) <isbn:978-0070610286>. Quantitative genetic parameters including genotypic, phenotypic, and environmental variance components and broad-sense heritability follow Burton and Devane (1953) <doi:10.2134/agronj1953.00021962004500100005x>. Genetic advance and genetic advance as percentage of mean estimation follow Johnson et al. (1955) <doi:10.2134/agronj1955.00021962004700070009x>. Genotypic, phenotypic, and environmental correlations follow Miller et al. (1958) <doi:10.2134/agronj1958.00021962005000100020x>. Genotypic and phenotypic path coefficient analysis direct and indirect effects decomposition follows Dewey and Lu (1959) <doi:10.2134/agronj1959.00021962005100090002x>. Principal component analysis follows Jolliffe (2002) <isbn:978-0387954424> and hierarchical clustering follows Sneath and Sokal (1973) <isbn:978-0716706977>.",FALSE,TRUE,FALSE
"AI4OfficialStats","0.2.0","2026-09-24 09:10:22 UTC","Audit Statistical Fidelity of AI-Mediated Official Statistics","Provides deterministic tools for auditing whether artificial intelligence systems preserve the numerical, semantic, contextual, temporal, geographic, unit, provenance, revision, transformation, and uncertainty properties of official statistics. Structured reference statistics and machine-generated claims can be compared using non-compensatory critical-error rules, weakest-link and geometric fidelity summaries, provenance graphs, and portable SHA-256 proof bundles. The package provides bounded connectors for official statistical services, an easy schema-detection and file-import layer for arbitrary official organisations, extensible provider registries, and a search-first natural- language verification layer that classifies statistical claims, selects suitable official sources, retrieves candidate evidence, matches statistical dimensions, and compares claimed values. If no reference year is stated, verification uses the latest available matching official observation and discloses the resolved year. Source attribution is optional: automatic routing can choose suitable providers when none is named, while explicitly named supported sources are respected by default. Automatic catalogue-to-observation verification is implemented for the World Bank, WHO, the United Nations Statistics Division Sustainable Development Goals service, and the European Commission statistical service, while other providers remain available through bounded direct connectors or generic official-data import. Prompt perturbation, statistical red-team generation, minimal-pair tests, and benchmark data support reproducible evaluation of generative, retrieval-augmented, and agentic statistical systems. An embedded alignment layer maps claim-level controls to relevant activities of the Generic Statistical Business Process Model (GSBPM) 5.2, including Analyse, Disseminate, Evaluate, Quality Management, and Metadata Management.",TRUE,FALSE,FALSE
"bama","1.3.1","2025-09-20 05:10:16 UTC","High Dimensional Bayesian Mediation Analysis","Perform mediation analysis in the presence of high-dimensional mediators based on the potential outcome framework. Bayesian Mediation Analysis (BAMA), developed by Song et al (2019) <doi:10.1111/biom.13189> and Song et al (2020) <doi:10.48550/arXiv.2009.11409>, relies on two Bayesian sparse linear mixed models to simultaneously analyze a relatively large number of mediators for a continuous exposure and outcome assuming a small number of mediators are truly active. This sparsity assumption also allows the extension of univariate mediator analysis by casting the identification of active mediators as a variable selection problem and applying Bayesian methods with continuous shrinkage priors on the effects.",TRUE,TRUE,TRUE
"banffIT","2.0.0","2025-07-05 12:40:06 UTC","Automated Standardized Assignment of the Banff Classification","Assigns standardized diagnoses using the Banff Classification (Category 1 to 6 diagnoses, including Acute and Chronic active T-cell mediated rejection as well as Active, Chronic active, and Chronic antibody mediated rejection). The main function considers a minimal dataset containing biopsies information in a specific format (described by a data dictionary), verifies its content and format (based on the data dictionary), assigns diagnoses, and creates a summary report. The package is developed on the reference guide to the Banff classification of renal allograft pathology Roufosse C, Simmonds N, Clahsen-van Groningen M, et al. A (2018) <doi:10.1097/TP.0000000000002366>. The full description of the Banff classification is available at <https://banfffoundation.org/>.",FALSE,TRUE,FALSE
"BayesGmed","0.0.3","2024-01-31 14:00:06 UTC","Bayesian Causal Mediation Analysis using 'Stan'","Performs parametric mediation analysis using the Bayesian g-formula approach for binary and continuous outcomes. The methodology is based on Comment (2018) <doi:10.5281/zenodo.1285275> and a demonstration of its application can be found at Yimer et al. (2022) <doi:10.48550/arXiv.2210.08499>.",TRUE,TRUE,FALSE
"BayesianMediationA","1.0.1","2022-09-24 23:40:02 UTC","Bayesian Mediation Analysis","We perform general mediation analysis in the Bayesian setting using the methods described in Yu and Li (2022, ISBN:9780367365479). With the package, the mediation analysis can be performed on different types of outcomes (e.g., continuous, binary, categorical, or time-to-event), with default or user-defined priors and predictive models. The Bayesian estimates and credible sets of mediation effects are reported as analytic results.",TRUE,TRUE,FALSE
"bayesics","3.1.0","2026-09-30 19:20:10 UTC","Bayesian Analyses for One- and Two-Sample Inference and Regression Methods","Perform fundamental analyses using Bayesian parametric and non-parametric inference (regression, anova, 1 and 2 sample inference, non-parametric tests, etc.). (Practically) no Markov chain Monte Carlo (MCMC) is used; all exact finite sample inference is completed via closed form solutions or else through posterior sampling automated to ensure precision in interval estimate bounds. Diagnostic plots for model assessment, and key inferential quantities (point and interval estimates, probability of direction, region of practical equivalence, and Bayes factors) and model visualizations are provided. Bayes factors are computed either by the Savage Dickey ratio given in Dickey (1971) <doi:10.1214/aoms/1177693507> or by Chib's method as given in <doi:10.1080/01621459.1995.10476635>. Interpretations are from Kass and Raftery (1995) <doi:10.1080/01621459.1995.10476572>. ROPE bounds are based on discussions in Kruschke (2018) <doi:10.1177/2515245918771304>. Methods for determining the number of posterior samples required are described in Doss et al. (2014) <doi:10.1214/14-EJS957>. Bayesian model averaging is done in part by Feldkircher and Zeugner (2015) <doi:10.18637/jss.v068.i04>. Methods for contingency table analysis is described in Gunel et al. (1974) <doi:10.1093/biomet/61.3.545>. Variational Bayes (VB) methods are described in Salimans and Knowles (2013) <doi:10.1214/13-BA858>. Mediation analysis uses the framework described in Imai et al. (2010) <doi:10.1037/a0020761>. The loss-likelihood bootstrap used in the non-parametric regression modeling is described in Lyddon et al. (2019) <doi:10.1093/biomet/asz006>. Non-parametric survival methods are described in Qing et al. (2023) <doi:10.1002/pst.2256>. Methods used for the Bayesian Wilcoxon signed-rank analysis is given in Chechile (2018) <doi:10.1080/03610926.2017.1388402> and for the Bayesian Wilcoxon rank sum analysis in Chechile (2020) <doi:10.1080/03610926.2018.1549247>. Correlation analysis methods are carried out by Barch and Chechile (2023) <doi:10.32614/CRAN.package.DFBA>, and described in Lindley and Phillips (1976) <doi:10.1080/00031305.1976.10479154> and Chechile and Barch (2021) <doi:10.1016/j.jmp.2021.102638>. See also Chechile (2020, ISBN: 9780262044585).",FALSE,TRUE,FALSE
"betaMC","1.3.4","2026-06-11 23:30:07 UTC","Monte Carlo for Regression Effect Sizes","Generates Monte Carlo confidence intervals for standardized regression coefficients (beta) and other effect sizes, including multiple correlation, semipartial correlations, improvement in R-squared, squared partial correlations, and differences in standardized regression coefficients, for models fitted by lm(). 'betaMC' combines ideas from Monte Carlo confidence intervals for the indirect effect (Pesigan and Cheung, 2024 <doi:10.3758/s13428-023-02114-4>) and the sampling covariance matrix of regression coefficients (Dudgeon, 2017 <doi:10.1007/s11336-017-9563-z>) to generate confidence intervals effect sizes in regression.",FALSE,TRUE,FALSE
"bmabart","2.0","2025-06-26 18:50:02 UTC","Bayesian Mediation Analysis Using BART","Used for Bayesian mediation analysis based on Bayesian additive Regression Trees (BART). The analysis method is described in Yu and Li (2025) ""Mediation Analysis with Bayesian Additive Regression Trees"", submitted for publication.",TRUE,TRUE,FALSE
"bmem","2.3","2026-08-31 21:20:02 UTC","Mediation Analysis with Missing Data Using Bootstrap","Four methods for mediation analysis with missing data: Listwise deletion, Pairwise deletion, Multiple imputation, and Two Stage Maximum Likelihood algorithm. For MI and TS-ML, auxiliary variables can be included. Bootstrap confidence intervals for mediation effects are obtained. The robust method is also implemented for TS-ML. Since version 1.4, bmem adds the capability to conduct power analysis for mediation models. Details about the methods used can be found in these articles. Zhang and Wang (2003) <doi:10.1007/s11336-012-9301-5>. Zhang (2014) <doi:10.3758/s13428-013-0424-0>.",TRUE,TRUE,TRUE
"bmemLavaan","0.7","2026-02-03 23:00:27 UTC","Mediation Analysis with Missing Data and Non-Normal Data","Methods for mediation analysis with missing data and non-normal data are implemented. For missing data, four methods are available: Listwise deletion, Pairwise deletion, Multiple imputation, and Two Stage Maximum Likelihood algorithm. For MI and TS-ML, auxiliary variables can be included to handle missing data. For handling non-normal data, bootstrap and two-stage robust methods can be used. Technical details of the methods can be found in Zhang and Wang (2013, <doi:10.1007/s11336-012-9301-5>), Zhang (2014, <doi:10.3758/s13428-013-0424-0>), and Yuan and Zhang (2012, <doi:10.1007/s11336-012-9282-4>).",TRUE,TRUE,TRUE
"bmlm","1.3.15","2023-09-25 14:22:24 UTC","Bayesian Multilevel Mediation","Easy estimation of Bayesian multilevel mediation models with Stan.",TRUE,TRUE,FALSE
"bruceR","2026.1","2026-01-29 14:20:02 UTC","Broadly Useful Convenient and Efficient R Functions","Broadly useful convenient and efficient R functions that bring users concise and elegant R data analyses. This package includes easy-to-use functions for (1) basic R programming (e.g., set working directory to the path of currently opened file; import/export data from/to files in any format; print tables to Microsoft Word); (2) multivariate computation (e.g., compute scale sums/means/... with reverse scoring); (3) reliability analyses and factor analyses; (4) descriptive statistics and correlation analyses; (5) t-test, multi-factor analysis of variance (ANOVA), simple-effect analysis, and post-hoc multiple comparison; (6) tidy report of statistical models (to R Console and Microsoft Word); (7) mediation and moderation analyses (PROCESS); and (8) additional toolbox for statistics and graphics.",FALSE,TRUE,FALSE
"budgetIVr","0.1.2","2025-04-16 14:20:09 UTC","Partial Identification of Causal Effects with Mostly Invalid Instruments","A tuneable and interpretable method for relaxing the instrumental variables (IV) assumptions to infer treatment effects in the presence of unobserved confounding. For a treatment-associated covariate to be a valid IV, it must be (a) unconfounded with the outcome and (b) have a causal effect on the outcome that is exclusively mediated by the exposure. There is no general test of the validity of these IV assumptions for any particular pre-treatment covariate. However, if different pre-treatment covariates give differing causal effect estimates when treated as IVs, then we know at least some of the covariates violate these assumptions. 'budgetIVr' exploits this fact by taking as input a minimum budget of pre-treatment covariates assumed to be valid IVs and idenfiying the set of causal effects that are consistent with the user's data and budget assumption. The following generalizations of this principle can be used in this package: (1) a vector of multiple budgets can be assigned alongside corresponding thresholds that model degrees of IV invalidity; (2) budgets and thresholds can be chosen using specialist knowledge or varied in a principled sensitivity analysis; (3) treatment effects can be nonlinear and/or depend on multiple exposures (at a computational cost). The methods in this package require only summary statistics. Confidence sets are constructed under the ""no measurement error"" (NOME) assumption from the Mendelian randomization literature. For further methodological details, please refer to Penn et al. (2024) <doi:10.48550/arXiv.2411.06913>.",FALSE,TRUE,FALSE
"buzzMed","0.1.4","2026-09-01 20:20:09 UTC","Bayesian Understanding for Mediator Selection Framework","A collection of quantitative tools for selecting mediating effects within exploratory Bayesian mediation models. The package accommodates both continuous and dichotomous outcomes, including the dependent variables and the mediators for identifying and analyzing mediation pathways.",TRUE,TRUE,FALSE
"CauMedi","0.1.1","2026-08-04 13:50:12 UTC","Cell Type-Specific Causal Mediation Models for Single-Cell Data","A causal mediation framework for cell type-specific single-cell data based on joint mediator multilevel models. The framework jointly models overdispersed counts and zero inflation for the mediators.",TRUE,TRUE,FALSE
"causal.decomp","0.2.0","2025-08-27 16:20:22 UTC","Causal Decomposition Analysis","We implement causal decomposition analysis using methods proposed by Park, Lee, and Qin (2022) and Park, Kang, and Lee (2023), which provide researchers with multiple-mediator imputation, single-mediator imputation, and product-of-coefficients regression approaches to estimate the initial disparity, disparity reduction, and disparity remaining (<doi:10.1177/00491241211067516>; <doi:10.1177/00811750231183711>). We also implement sensitivity analysis for causal decomposition using R-squared values as sensitivity parameters (Park, Kang, Lee, and Ma, 2023 <doi:10.1515/jci-2022-0031>). Finally, we include individualized causal decomposition and sensitivity analyses proposed by Park, Kang, and Lee (2025+) <doi:10.48550/arXiv.2506.19010>.",FALSE,TRUE,FALSE
"causalplot","0.2.1","2026-03-16 19:00:02 UTC","Create Publication-Ready Causal Diagrams","Creates publication-ready causal diagrams using 'ggplot2'. Provides simple templates for common causal diagrams (e.g., mediating mechanisms and parallel pathways) with customizable labels, colors, fonts, and export-friendly defaults.",FALSE,TRUE,FALSE
"causalweight","1.1.6","2026-09-25 08:30:09 UTC","Estimation Methods for Causal Inference Based on Inverse Probability Weighting and Doubly Robust Estimation","Various estimators of causal effects based on inverse probability weighting, doubly robust estimation, and double machine learning. Specifically, the package includes methods for estimating average treatment effects, direct and indirect effects in causal mediation analysis, and dynamic treatment effects based on different identification strategies (unconfoundedness, instruments, difference-in-differences, regression discontinuity designs).",FALSE,TRUE,TRUE
"ccmEstimator","1.0.0","2021-09-28 12:20:02 UTC","Comparative Causal Mediation Estimation","Functions to perform comparative causal mediation analysis to compare the mediation effects of different treatments via a common mediator. Results contain the estimates and confidence intervals for the two comparative causal mediation analysis estimands, as well as the ATE and ACME for each treatment. Functions provided in the package will automatically assess the comparative causal mediation analysis scope conditions (i.e. for each comparative causal mediation estimand, a numerator and denominator that are both estimated with the desired statistical significance and of the same sign). Results will be returned for each comparative causal mediation estimand only if scope conditions are met for it. See details in Bansak(2020)<doi:10.1017/pan.2019.31>.",TRUE,TRUE,FALSE
"CEDMr","0.1.0","2026-04-08 14:30:02 UTC","Capability-Ecological Developmental Model (CEDM) Analysis","Implements the Capability-Ecological Developmental Model (CEDM) for longitudinal and multilevel data. The package supports estimation and interpretation of models examining how socioeconomic status (SES), health indicators, and contextual factors jointly relate to academic outcomes. Functionality includes: (1) classification of ecological capability regimes (amplifying, neutral, compensatory); (2) estimation of moderated multilevel models with higher-order interaction terms; (3) causal mediation analysis using doubly robust estimation; (4) random-effects within-between (REWB) decomposition; (5) nonlinear moderation using restricted cubic splines; (6) clustering of longitudinal health trajectories; and (7) sensitivity analysis using the impact threshold for a confounding variable (ITCV) and robustness-to-replacement (RIR) measures. The package is designed for use with general longitudinal multilevel datasets.",FALSE,TRUE,FALSE
"cfdecomp","0.4.0","2021-08-11 20:40:02 UTC","Counterfactual Decomposition: MC Integration of the G-Formula","Provides a set of functions for counterfactual decomposition (cfdecomp). The functions available in this package decompose differences in an outcome attributable to a mediating variable (or sets of mediating variables) between groups based on counterfactual (causal inference) theory. By using Monte Carlo (MC) integration (simulations based on empirical estimates from multivariable models) we provide added flexibility compared to existing (analytical) approaches, at the cost of computational power or time. The added flexibility means that we can decompose difference between groups in any outcome or and with any mediator (any variable type and distribution). See Sudharsanan & Bijlsma (2019) <doi:10.4054/MPIDR-WP-2019-004> for more information.",FALSE,TRUE,TRUE
"CIEE","0.1.1","2018-03-19 16:00:23 UTC","Estimating and Testing Direct Effects in Directed Acyclic Graphs using Estimating Equations","In many studies across different disciplines, detailed measures of the variables of interest are available. If assumptions can be made regarding the direction of effects between the assessed variables, this has to be considered in the analysis. The functions in this package implement the novel approach CIEE (causal inference using estimating equations; Konigorski et al., 2018, <DOI:10.1002/gepi.22107>) for estimating and testing the direct effect of an exposure variable on a primary outcome, while adjusting for indirect effects of the exposure on the primary outcome through a secondary intermediate outcome and potential factors influencing the secondary outcome. The underlying directed acyclic graph (DAG) of this considered model is described in the vignette. CIEE can be applied to studies in many different fields, and it is implemented here for the analysis of a continuous primary outcome and a time-to-event primary outcome subject to censoring. CIEE uses estimating equations to obtain estimates of the direct effect and robust sandwich standard error estimates. Then, a large-sample Wald-type test statistic is computed for testing the absence of the direct effect. Additionally, standard multiple regression, regression of residuals, and the structural equation modeling approach are implemented for comparison.",FALSE,TRUE,FALSE
"cit","2.3.2","2024-06-28 19:20:02 UTC","Causal Inference Test","A likelihood-based hypothesis testing approach is implemented for assessing causal mediation. Described in Millstein, Chen, and Breton (2016), <DOI:10.1093/bioinformatics/btw135>, it could be used to test for mediation of a known causal association between a DNA variant, the 'instrumental variable', and a clinical outcome or phenotype by gene expression or DNA methylation, the potential mediator. Another example would be testing mediation of the effect of a drug on a clinical outcome by the molecular target. The hypothesis test generates a p-value or permutation-based FDR value with confidence intervals to quantify uncertainty in the causal inference. The outcome can be represented by either a continuous or binary variable, the potential mediator is continuous, and the instrumental variable can be continuous or binary and is not limited to a single variable but may be a design matrix representing multiple variables.",FALSE,TRUE,TRUE
"cmmr","1.0.3","2024-10-04 20:10:34 UTC","CEU Mass Mediator RESTful API","CEU (CEU San Pablo University) Mass Mediator is an on-line tool for aiding researchers in performing metabolite annotation. 'cmmr' (CEU Mass Mediator RESTful API) allows for programmatic access in R: batch search, batch advanced search, MS/MS (tandem mass spectrometry) search, etc. For more information about the API Endpoint please go to <https://github.com/YaoxiangLi/cmmr>.",TRUE,TRUE,FALSE
"CMMs","1.0.0","2022-10-17 06:35:19 UTC","Compositional Mediation Model","A compositional mediation model for continuous outcome and binary outcomes to deal with mediators that are compositional data. Lin, Ziqiang et al. (2022) <doi:10.1016/j.jad.2021.12.019>.",TRUE,TRUE,FALSE
"COMMA","1.1.1","2024-12-13 21:10:02 UTC","Correcting Misclassified Mediation Analysis","Use three methods to estimate parameters from a mediation analysis with a binary misclassified mediator. These methods correct for the problem of ""label switching"" using Youden's J criteria. A detailed description of the analysis methods is available in Webb and Wells (2024), ""Effect estimation in the presence of a misclassified binary mediator"" <doi:10.48550/arXiv.2407.06970>.",TRUE,TRUE,FALSE
"connectcreds","0.2.0","2026-03-02 22:40:02 UTC","Manage 'OAuth' Credentials from 'Posit Connect'","A toolkit for making use of credentials mediated by 'Posit Connect'. It handles the details of communicating with the Connect API correctly, 'OAuth' token caching, and refresh behaviour.",FALSE,TRUE,FALSE
"crumble","0.1.2","2024-12-02 17:50:02 UTC","Flexible and General Mediation Analysis Using Riesz Representers","Implements a modern, unified estimation strategy for common mediation estimands (natural effects, organic effects, interventional effects, and recanting twins) in combination with modified treatment policies as described in Liu, Williams, Rudolph, and Díaz (2024) <doi:10.48550/arXiv.2408.14620>. Estimation makes use of recent advancements in Riesz-learning to estimate a set of required nuisance parameters with deep learning. The result is the capability to estimate mediation effects with binary, categorical, continuous, or multivariate exposures with high-dimensional mediators and mediator-outcome confounders using machine learning.",TRUE,TRUE,FALSE
"csmGmm","0.5.0","2026-06-16 15:20:02 UTC","Conditionally Symmetric Multidimensional Gaussian Mixture Model","Implements the conditionally symmetric multidimensional Gaussian mixture model (csmGmm) for large-scale testing of composite null hypotheses in genetic association applications such as mediation analysis, pleiotropy analysis, and replication analysis. In such analyses, we typically have J sets of K test statistics where K is a small number (e.g. 2 or 3) and J is large (e.g. 1 million). For each one of the J sets, we want to know if we can reject all K individual nulls. Please see the vignette for a quickstart guide. The paper describing these methods is ""Testing a Large Number of Composite Null Hypotheses Using Conditionally Symmetric Multidimensional Gaussian Mixtures in Genome-Wide Studies"" by Sun R, McCaw Z, & Lin X (Journal of the American Statistical Association 2025, <doi:10.1080/01621459.2024.2422124>).",FALSE,TRUE,FALSE
"cTMed","1.0.10","2026-07-21 13:40:02 UTC","Continuous-Time Mediation","Computes effect sizes, standard errors, and confidence intervals for total, direct, and indirect effects in continuous-time mediation models as described in Pesigan, Russell, and Chow (2025) <doi:10.1037/met0000779>.",TRUE,TRUE,FALSE
"DirectEffects","0.3","2024-10-04 15:50:08 UTC","Estimating Controlled Direct Effects for Explaining Causal Findings","A set of functions to estimate the controlled direct effect of treatment fixing a potential mediator to a specific value. Implements the sequential g-estimation estimator described in Vansteelandt (2009) <doi:10.1097/EDE.0b013e3181b6f4c9> and Acharya, Blackwell, and Sen (2016) <doi:10.1017/S0003055416000216> and the telescope matching estimator described in Blackwell and Strezhnev (2020) <doi:10.1111/rssa.12759>.",FALSE,TRUE,TRUE
"discovr","1.0.0","2026-02-05 11:40:13 UTC","Interactive Tutorials and Data for ""Discovering Statistics Using R and RStudio""","Interactive 'R' tutorials and datasets for the textbook Field (2026), ""Discovering Statistics Using R and RStudio"", <https://www.discovr.rocks/>. Interactive tutorials cover general workflow in 'R' and 'RStudio', summarizing data, visualizing data, fitting models and bias, correlation, the general linear model (GLM), moderation, mediation, missing values, comparing means using the GLM (analysis of variance), comparing adjusted means (analysis of covariance), factorial designs, multilevel models, repeated measures designs, growth models, exploratory factor analysis (EFA), loglinear analysis, and logistic regression. There are no functions, only datasets and interactive tutorials.",FALSE,TRUE,FALSE
"DMAR","1.0.0","2026-09-21 20:50:14 UTC","Design, Measurement, and Analysis in R (DMAR)","Methods for design, measurement, and analysis, with the aim of being user friendly yet methodologically sound. 'DMAR' (pronounced ""Dee-Mar"") implements many advanced and nonstandard methods and makes them available for straightforward use, with interfaces, defaults, and documentation that are consistent across the package and grounded in the methodological literature, in support of sound and reproducible results. The package emphasizes effect size estimation with confidence intervals; sample size planning through accuracy in parameter estimation (AIPE) and power analysis (including composite power for designs whose conclusions require several results to hold at once), with minimum risk, sequential, and equivalence frameworks; reliability, agreement, and measurement more broadly, from coefficient omega with confidence intervals to measurement invariance; factor analysis and structural equation modeling, in which constructs, latent variables measured by multiple indicators, are modeled directly, with confirmatory factor analysis, convergent and discriminant validity, and sample size planning for structural equation models; mediation analysis, from the simple mediation model with bootstrap intervals to likelihood ratio tests of arbitrary indirect effects by model-based constrained optimization (MBCO), with multiple groups and the probing of moderated mediation; equivalence and noninferiority testing; meta-analysis; repeated measures, multivariate, ANOVA, and ANCOVA designs; and inference grounded in model comparison throughout. Measurement is approached from a psychometric perspective, and although many of the methods grew up in human-centered research, they apply broadly across the empirical sciences. Much of what is implemented traces to the author's methodological work, interests, and collaborations. 'DMAR' is a more modern, more general, and greatly expanded reimagining of the 'MBESS' package (Kelley, 2007a, <doi:10.18637/jss.v020.i08>; 2007b, <doi:10.3758/BF03192993>), which has been on CRAN for more than two decades and remains available there in stable form. Most functions accept either raw data or the summary statistics typically reported in published articles, so an analysis can be reproduced from a paper without the original data, which is useful both for extending a published analysis and for meta-analytic work. The estimation, inference, and planning functions return one consistently formatted data frame per function that composes with the broader R ecosystem, and confidence intervals are reported alongside effect sizes throughout, as best practice recommends. Researchers who have data and a question but who are not R experts will find the package approachable, while methodologists gain access to advanced and nonstandard methods, including tables of critical values not available elsewhere.",FALSE,TRUE,FALSE
"EMAS","0.2.4","2025-12-21 14:30:02 UTC","Epigenome-Wide Mediation Analysis Study","DNA methylation is essential for human, and environment can change the DNA methylation and affect body status. Epigenome-Wide Mediation Analysis Study (EMAS) can find potential mediator CpG sites between exposure (x) and outcome (y) in epigenome-wide. For more information on the methods we used, please see the following references: Tingley, D. (2014) <doi:10.18637/jss.v059.i05>, Turner, S. D. (2018) <doi:10.21105/joss.00731>, Rosseel, D. (2012) <doi:10.18637/jss.v048.i02>.",TRUE,TRUE,FALSE
"endogeneity","2.1.6","2026-07-22 06:00:08 UTC","Recursive Two-Stage Models to Address Endogeneity","Various recursive two-stage models to address the endogeneity issue of treatment variables in observational study or mediators in experiments. The details of the models are discussed in Peng (2023) <doi:10.1287/isre.2022.1113>.",FALSE,TRUE,FALSE
"ergMargins","1.6.2","2026-06-18 05:10:14 UTC","Process Analysis for Exponential Random Graph Models","Calculates marginal effects and conducts process analysis in exponential family random graph models (ERGM). Includes functions to conduct mediation and moderation analyses and to diagnose multicollinearity. URL: <https://github.com/sduxbury/ergMargins>. BugReports: <https://github.com/sduxbury/ergMargins/issues>. Duxbury, Scott W (2021) <doi:10.1177/0049124120986178>. Long, J. Scott, and Sarah Mustillo (2018) <doi:10.1177/0049124118799374>. Mize, Trenton D. (2019) <doi:10.15195/v6.a4>. Karlson, Kristian Bernt, Anders Holm, and Richard Breen (2012) <doi:10.1177/0081175012444861>. Duxbury, Scott W (2018) <doi:10.1177/0049124118782543>. Duxbury, Scott W, Jenna Wertsching (2023) <doi:10.1016/j.socnet.2023.02.003>. Huang, Peng, Carter Butts (2023) <doi:10.1016/j.socnet.2023.07.001>.",FALSE,TRUE,FALSE
"ExactMed","0.3.0","2023-09-22 15:10:06 UTC","Exact Mediation Analysis for Binary Outcomes","A tool for conducting exact parametric regression-based causal mediation analysis of binary outcomes as described in Samoilenko, Blais and Lefebvre (2018) <doi:10.1353/obs.2018.0013>; Samoilenko, Lefebvre (2021) <doi:10.1093/aje/kwab055>; and Samoilenko, Lefebvre (2023) <doi:10.1002/sim.9621>.",TRUE,TRUE,FALSE
"exploratory","0.3.31","2023-10-10 10:30:05 UTC","A Tool for Large-Scale Exploratory Analyses","Conduct numerous exploratory analyses in an instant with a point-and-click interface. With one simple command, this tool launches a Shiny App on the local machine. Drag and drop variables in a data set to categorize them as possible independent, dependent, moderating, or mediating variables. Then run dozens (or hundreds) of analyses instantly to uncover any statistically significant relationships among variables. Any relationship thus uncovered should be tested in follow-up studies. This tool is designed only to facilitate exploratory analyses and should NEVER be used for p-hacking. Many of the functions used in this package are previous versions of functions in the R Packages 'kim' and 'ezr'. Selected References: Chang et al. (2021) <https://CRAN.R-project.org/package=shiny>. Dowle et al. (2021) <https://CRAN.R-project.org/package=data.table>. Kim (2023) <https://jinkim.science/docs/kim.pdf>. Kim (2021) <doi:10.5281/zenodo.4619237>. Kim (2020) <https://CRAN.R-project.org/package=ezr>. Simmons et al. (2011) <doi:10.1177/0956797611417632> Tingley et al. (2019) <https://CRAN.R-project.org/package=mediation>. Wickham et al. (2020) <https://CRAN.R-project.org/package=ggplot2>.",FALSE,TRUE,FALSE
"frailtypack","3.8.1","2026-08-25 11:10:10 UTC","Shared, Joint (Generalized) Frailty Models; Surrogate Endpoints","The following several classes of frailty models using a penalized likelihood estimation on the hazard function but also a parametric estimation can be fit using this R package: 1) A shared frailty model (with gamma or log-normal frailty distribution) and Cox proportional hazard model. Clustered and recurrent survival times can be studied. 2) Additive frailty models for proportional hazard models with two correlated random effects (intercept random effect with random slope). 3) Nested frailty models for hierarchically clustered data (with 2 levels of clustering) by including two iid gamma random effects. 4) Joint frailty models in the context of the joint modelling for recurrent events with terminal event for clustered data or not. A joint frailty model for two semi-competing risks and clustered data is also proposed. 5) Joint general frailty models in the context of the joint modelling for recurrent events with terminal event data with two independent frailty terms. 6) Joint Nested frailty models in the context of the joint modelling for recurrent events with terminal event, for hierarchically clustered data (with two levels of clustering) by including two iid gamma random effects. 7) Multivariate joint frailty models for two types of recurrent events and a terminal event. 8) Joint models for longitudinal data and a terminal event. 9) Trivariate joint models for longitudinal data, recurrent events and a terminal event. 10) Joint frailty models for the validation of surrogate endpoints in multiple randomized clinical trials with failure-time and/or longitudinal endpoints with the possibility to use a mediation analysis model. 11) Conditional and Marginal two-part joint models for longitudinal semicontinuous data and a terminal event. 12) Joint frailty-copula models for the validation of surrogate endpoints in multiple randomized clinical trials with failure-time endpoints. 13) Generalized shared and joint frailty models for recurrent and terminal events. Proportional hazards (PH), additive hazard (AH), proportional odds (PO) and probit models are available in a fully parametric framework. For PH and AH models, it is possible to consider type-varying coefficients and flexible semiparametric hazard function. Prediction values are available (for a terminal event or for a new recurrent event). Left-truncated (not for Joint model), right-censored data, interval-censored data (only for Cox proportional hazard and shared frailty model) and strata are allowed. In each model, the random effects have the gamma or normal distribution. Now, you can also consider time-varying covariates effects in Cox, shared and joint frailty models (1-5). The package includes concordance measures for Cox proportional hazards models and for shared frailty models. 14) Competing Joint Frailty Model: A single type of recurrent event and two terminal events. 15) functions to compute power and sample size for four Gamma-frailty-based designs: Shared Frailty Models, Nested Frailty Models, Joint Frailty Models, and General Joint Frailty Models. Each design includes two primary functions: a power function, which computes power given a specified sample size; and a sample size function, which computes the required sample size to achieve a specified power. 16) Weibull Illness-Death model with or without shared frailty between transitions. Left-truncated and right-censored data are allowed. 17) Weibull Competing risks model with or without shared frailty between the transitions. Left-truncated and right-censored data are allowed. Moreover, the package can be used with its shiny application, in a local mode or by following the link below.",FALSE,TRUE,FALSE
"funmediation","1.0.2","2023-11-09 08:30:02 UTC","Functional Mediation for a Distal Outcome","Fits a functional mediation model with a scalar distal outcome. The method is described in detail by Coffman, Dziak, Litson, Chakraborti, Piper & Li (2021) <arXiv:2112.03960>. The model is similar to that of Lindquist (2012) <doi:10.1080/01621459.2012.695640> although allowing a binary outcome as an alternative to a numerical outcome. The current version is a minor bug fix in the vignette. The development of this package was part of a research project supported by National Institutes of Health grants P50 DA039838 from the National Institute of Drug Abuse and 1R01 CA229542-01 from the National Cancer Institute and the NIH Office of Behavioral and Social Science Research. Content is solely the responsibility of the authors and does not necessarily represent the official views of the funding institutions mentioned above. This software is distributed in the hope that it will be useful, but WITHOUT ANY WARRANTY; without even the implied warranty of MERCHANTABILITY or FITNESS FOR A PARTICULAR PURPOSE. See the GNU General Public License for more details.",TRUE,TRUE,FALSE
"GEEmediate","1.1.4","2023-01-16 16:50:05 UTC","Mediation Analysis for Generalized Linear Models Using the Difference Method","Causal mediation analysis for a single exposure/treatment and a single mediator, both allowed to be either continuous or binary. The package implements the difference method and provides point and interval estimates as well as testing for the natural direct and indirect effects and the mediation proportion. Nevo, Xiao and Spiegelman (2017) <doi:10.1515/ijb-2017-0006>.",TRUE,TRUE,FALSE
"GMAC","3.2","2025-12-11 19:10:02 UTC","Genomic Mediation Analysis with Adaptive Confounding Adjustment","Performs genomic mediation analysis with adaptive confounding adjustment (GMAC) proposed by Yang et al. (2017) <doi:10.1101/gr.216754.116>. It implements large scale mediation analysis and adaptively selects potential confounding variables to adjust for each mediation test from a pool of candidate confounders. The package is tailored for but not limited to genomic mediation analysis (e.g., cis-gene mediating trans-gene regulation pattern where an eQTL, its cis-linking gene transcript, and its trans-gene transcript play the roles as treatment, mediator and the outcome, respectively), restricting to scenarios with the presence of cis-association (i.e., treatment-mediator association) and random eQTL (i.e., treatment).",TRUE,TRUE,FALSE
"gtregression","1.1.0","2026-08-21 07:30:02 UTC","Tools for Creating Publication-Ready Regression Tables","Simplifies regression modeling in R by integrating multiple modeling and summarization tools into a cohesive, user-friendly interface. Designed to be accessible for researchers, particularly those in Low- and Middle-Income Countries (LMIC). Built upon widely accepted statistical methods, including logistic regression (Hosmer et al. 2013, ISBN:9781118548429), log-binomial regression (Spiegelman and Hertzmark 2005 <doi:10.1093/aje/kwi188>), Firth penalized logistic regression (Firth 1993 <doi:10.1093/biomet/80.1.27>), Poisson and robust Poisson regression (Zou 2004 <doi:10.1093/aje/kwh090>), negative binomial regression (Hilbe 2011, ISBN:9780521179515), Cox proportional hazards regression, parametric survival regression, causal mediation analysis, and linear regression (Kutner et al. 2005, ISBN:9780071122214). Leverages multiple dependencies to ensure high-quality output and generate reproducible, publication-ready tables in alignment with best practices in epidemiology and applied statistics.",FALSE,TRUE,FALSE
"hdbma","1.0","2023-12-15 12:30:02 UTC","Bayesian Mediation Analysis with High-Dimensional Data","Mediation analysis is used to identify and quantify intermediate effects from factors that intervene the observed relationship between an exposure/predicting variable and an outcome. We use a Bayesian adaptive lasso method to take care of the hierarchical structures and high dimensional exposures or mediators.",TRUE,TRUE,FALSE
"HDMAADMM","0.0.1","2023-11-29 14:00:16 UTC","ADMM for High-Dimensional Mediation Models","We use the Alternating Direction Method of Multipliers (ADMM) for parameter estimation in high-dimensional, single-modality mediation models. To improve the sensitivity and specificity of estimated mediation effects, we offer the sure independence screening (SIS) function for dimension reduction. The available penalty options include Lasso, Elastic Net, Pathway Lasso, and Network-constrained Penalty. The methods employed in the package are based on Boyd, S., Parikh, N., Chu, E., Peleato, B., & Eckstein, J. (2011). <doi:10.1561/2200000016>, Fan, J., & Lv, J. (2008) <doi:10.1111/j.1467-9868.2008.00674.x>, Li, C., & Li, H. (2008) <doi:10.1093/bioinformatics/btn081>, Tibshirani, R. (1996) <doi:10.1111/j.2517-6161.1996.tb02080.x>, Zhao, Y., & Luo, X. (2022) <doi:10.4310/21-sii673>, and Zou, H., & Hastie, T. (2005) <doi:10.1111/j.1467-9868.2005.00503.x>.",TRUE,TRUE,FALSE
"HDMT","1.0.5","2022-01-29 19:00:02 UTC","A Multiple Testing Procedure for High-Dimensional Mediation Hypotheses","A multiple-testing procedure for high-dimensional mediation hypotheses. Mediation analysis is of rising interest in epidemiology and clinical trials. Among existing methods for mediation analyses, the popular joint significance (JS) test yields an overly conservative type I error rate and therefore low power. In the R package 'HDMT' we implement a multiple-testing procedure that accurately controls the family-wise error rate (FWER) and the false discovery rate (FDR) when using JS for testing high-dimensional mediation hypotheses. The core of our procedure is based on estimating the proportions of three component null hypotheses and deriving the corresponding mixture distribution of null p-values. Results of the data examples include better-behaved quantile-quantile plots and improved detection of novel mediation relationships on the role of DNA methylation in genetic regulation of gene expression. With increasing interest in mediation by molecular intermediaries such as gene expression, the proposed method addresses an unmet methodological challenge. Methods used in the package refer to James Y. Dai, Janet L. Stanford & Michael LeBlanc (2020) <doi:10.1080/01621459.2020.1765785>.",TRUE,TRUE,FALSE
"HIMA","2.3.4","2026-08-30 15:20:15 UTC","High-Dimensional Mediation Analysis","Allows to estimate and test high-dimensional mediation effects based on advanced mediator screening and penalized regression techniques. Methods used in the package refer to Zhang H, Zheng Y, Hou L, Liu L, HIMA: An R Package for High-Dimensional Mediation Analysis. Journal of Data Science. (2025). <doi:10.6339/25-JDS1192>.",TRUE,TRUE,TRUE
"HRRI","1.0.6","2026-09-23 04:30:02 UTC","Diagnostics for Soil-Plant-Microbial Redox Recovery","Provides diagnostic functions for integrating longitudinal soil, plant and microbial observations during redox disturbance and recovery. Functions calculate stoichiometric potential oxygen demand, accessible electron capacity from explicitly supplied inventories and kinetic parameters, recovery signatures, fixed-reference domain scores, and exploratory multiblock scores with observation-coverage diagnostics. Memory is represented as a holobiont state accumulating from mineralogical, plant-acclimation and microbial-community legacies. An illustrative simulator produces closed Fe and Mn inventories alongside synthetic observations; its carbon, nitrogen, sulfur and oxygen budgets are not closed and its parameters are not calibrated to field rates. Simulation benchmarks assess agreement with a prescribed synthetic target and do not constitute empirical validation or parameter identification. Accuracy assessment is cluster-aware: intervals come from resampling whole trajectories, agreement is reported as Lin's concordance coefficient alongside correlation, and mean squared error is partitioned into bias, variance mismatch and lack of correlation. The measured quantities follow Sander, Hofstetter and Gorski (2015) <doi:10.1021/acs.est.5b00006> for mediated electrochemical determination of electron-accepting and electron-donating capacity, Kluepfel, Piepenbrock, Kappler and Sander (2014) <doi:10.1038/ngeo2084> for regeneration of electron-accepting capacity across repeated anoxic periods, Thompson, Chadwick, Rancourt and Chorover (2006) <doi:10.1016/j.gca.2005.12.005> for the increase in iron-oxide crystallinity under redox oscillation, and Keiluweit, Wanzek, Kleber, Nico and Fendorf (2017) <doi:10.1038/s41467-017-01406-6> for anaerobic microsites in otherwise aerobic soil. Agreement statistics follow Lin (1989) <doi:10.2307/2532051> and Kobayashi and Salam (2000) <doi:10.2134/agronj2000.922345x>.",FALSE,TRUE,FALSE
"ieTest","2.1","2026-04-16 20:00:02 UTC","Indirect Effects Testing Methods in Mediation Analysis","Used in testing if the indirect effect from linear regression mediation analysis is equal to 0. Includes established methods such as the Sobel Test, Joint Significant test (maxP), and tests based off the distribution of the Product or Normal Random Variables. Additionally, this package adds more powerful tests based on Intersection-Union theory. These tests are the S-Test, the ps-test, and the ascending squares test. These new methods are uniformly more powerful than maxP, which is more powerful than Sobel and less anti-conservative than the Product of Normal Random Variables. These methods are explored by Kidd and Lin, (2024) <doi:10.1007/s12561-023-09386-6> and Kidd et al., (2025) <doi:10.1007/s10260-024-00777-7>.",TRUE,TRUE,FALSE
"iglm","1.2.6","2026-09-23 14:50:08 UTC","Regression under Interference in Connected Populations","An implementation of generalized linear models (GLMs) for studying relationships among attributes in connected populations, where responses of connected units can be dependent, as introduced by Fritz et al. (2025) <doi:10.1080/01621459.2025.2565851>. 'iglm' extends GLMs for independent responses to dependent responses and can be used for studying spillover in connected populations and other network-mediated phenomena.",FALSE,TRUE,FALSE
"iMediate","0.5.5","2019-03-26 07:10:03 UTC","Likelihood Methods for Mediation Analysis","Implements likelihood based methods for mediation analysis.",TRUE,TRUE,FALSE
"influential","2.3.2","2026-08-23 12:30:02 UTC","Identification and Classification of the Most Influential Nodes","Provides functions for the identification, classification, and ranking of influential nodes and candidate features from network and omics data. The package implements the Integrated Value of Influence (IVI) for integrative network centrality analysis, the SIR-based Influence Ranking (SIRIR) model for unsupervised influence ranking, and the Experimental data-based Integrative Ranking (ExIR) model for prioritizing candidate driver, biomarker, and mediator features from experimental omics data. Functions are provided for network reconstruction from adjacency matrices and data frames, topological analysis, centrality calculation, assessment of associations between centrality measures, and conditional probability analysis. ExIR supports bulk and single-cell omics data, including matrices, sparse matrices, data frames, tibbles, and Seurat objects.",FALSE,TRUE,FALSE
"intmed","0.1.2","2020-08-27 17:20:02 UTC","Mediation Analysis using Interventional Effects","Implementing the interventional effects for mediation analysis for up to 3 mediators. The methods used are based on VanderWeele, Vansteelandt and Robins (2014) <doi:10.1097/ede.0000000000000034>, Vansteelandt and Daniel (2017) <doi:10.1097/ede.0000000000000596> and Chan and Leung (2020; unpublished manuscript, available on request from the author of this package). Linear regression, logistic regression and Poisson regression are used for continuous, binary and count mediator/outcome variables respectively.",TRUE,TRUE,FALSE
"JSmediation","0.2.3","2025-01-26 19:10:02 UTC","Mediation Analysis Using Joint Significance","A set of helper functions to conduct joint-significance tests for mediation analysis, as recommended by Yzerbyt, Muller, Batailler, & Judd. (2018) <doi:10.1037/pspa0000132>.",TRUE,TRUE,FALSE
"latenetwork","1.0.1","2023-08-08 16:10:02 UTC","Inference on LATEs under Network Interference of Unknown Form","Estimating causal parameters in the presence of treatment spillover is of great interest in statistics. This package provides tools for instrumental variables estimation of average causal effects under network interference of unknown form. The target parameters are the local average direct effect, the local average indirect effect, the local average overall effect, and the local average spillover effect. The methods are developed by Hoshino and Yanagi (2023) <doi:10.48550/arXiv.2108.07455>.",FALSE,TRUE,FALSE
"LDM","6.0.1","2023-09-07 08:40:07 UTC","Testing Hypotheses About the Microbiome using the Linear Decomposition Model","A single analysis path that includes distance-based ordination, global tests of any effect of the microbiome, and tests of the effects of individual taxa with false-discovery-rate (FDR) control. It accommodates both continuous and discrete covariates as well as interaction terms to be tested either singly or in combination, allows for adjustment of confounding covariates, and uses permutation-based p-values that can control for sample correlations. It can be applied to transformed data, and an omnibus test can combine results from analyses conducted on different transformation scales. It can also be used for testing presence-absence associations based on infinite number of rarefaction replicates, testing mediation effects of the microbiome, analyzing censored time-to-event outcomes, and for compositional analysis by fitting linear models to centered-log-ratio taxa count data.",FALSE,TRUE,FALSE
"leakyIV","0.0.1","2024-04-09 09:20:03 UTC","Leaky Instrumental Variables","Instrumental variables (IVs) are a popular and powerful tool for estimating causal effects in the presence of unobserved confounding. However, classical methods rely on strong assumptions such as the exclusion criterion, which states that instrumental effects must be entirely mediated by treatments. In the so-called ""leaky"" IV setting, candidate instruments are allowed to have some direct influence on outcomes, rendering the average treatment effect (ATE) unidentifiable. But with limits on the amount of information leakage, we may still recover sharp bounds on the ATE, providing partial identification. This package implements methods for ATE bounding in the leaky IV setting with linear structural equations. For details, see Watson et al. (2024) <doi:10.48550/arXiv.2404.04446>.",FALSE,TRUE,FALSE
"maczic","1.1.0","2026-04-02 16:31:23","Mediation Analysis for Count and Zero-Inflated Count Data","Performs causal mediation analysis for count and zero-inflated count data without or with a post-treatment confounder; calculates power to detect prespecified causal mediation effects, direct effects, and total effects; performs sensitivity analysis when there is a treatment- induced mediator-outcome confounder as described by Cheng, J., Cheng, N.F., Guo, Z., Gregorich, S., Ismail, A.I., Gansky, S.A. (2018) <doi:10.1177/0962280216686131>. Implements Instrumental Variable (IV) method to estimate the controlled (natural) direct and mediation effects, and compute the bootstrap Confidence Intervals as described by Guo, Z., Small, D.S., Gansky, S.A., Cheng, J. (2018) <doi:10.1111/rssc.12233>. This software was made possible by Grant R03DE028410 from the National Institute of Dental and Craniofacial Research, a component of the National Institutes of Health.",TRUE,TRUE,FALSE
"manymome","0.3.7","2026-09-03 05:20:28 UTC","Mediation, Moderation and Moderated-Mediation After Model Fitting","Computes indirect effects, conditional effects, and conditional indirect effects in a structural equation model or path model after model fitting, with no need to define any user parameters or label any paths in the model syntax, using the approach presented in Cheung and Cheung (2024) <doi:10.3758/s13428-023-02224-z>. Can also form bootstrap confidence intervals by doing bootstrapping only once and reusing the bootstrap estimates in all subsequent computations. Supports bootstrap confidence intervals for standardized (partially or completely) indirect effects, conditional effects, and conditional indirect effects as described in Cheung (2009) <doi:10.3758/BRM.41.2.425> and Cheung, Cheung, Lau, Hui, and Vong (2022) <doi:10.1037/hea0001188>. Model fitting can be done by structural equation modeling using lavaan() or regression using lm().",TRUE,TRUE,FALSE
"MarginalMediation","0.7.3","2026-01-18 03:10:02 UTC","Marginal Mediation","Provides the ability to perform ""Marginal Mediation""--mediation wherein the indirect and direct effects are in terms of the average marginal effects (Bartus, 2005, <https://EconPapers.repec.org/RePEc:tsj:stataj:v:5:y:2005:i:3:p:309-329>). The style of the average marginal effects stems from Thomas Leeper's work on the ""margins"" package. This framework allows the use of categorical mediators and outcomes with little change in interpretation from the continuous mediators/outcomes. See <doi:10.13140/RG.2.2.18465.92001> for more details on the method.",TRUE,TRUE,FALSE
"MarZIC","1.0.1","2025-05-24 21:10:02 UTC","Marginal Mediation Effects with Zero-Inflated Compositional Mediator","A way to estimate and test marginal mediation effects for zero-inflated compositional mediators. Estimates of Natural Indirect Effect (NIE), Natural Direct Effect (NDE) of each taxon, as well as their standard errors and confident intervals, were provided as outputs. Zeros will not be imputed during analysis. See Wu et al. (2022) <doi:10.3390/genes13061049>.",TRUE,TRUE,FALSE
"MAZE","0.0.2","2023-02-16 08:20:10 UTC","Mediation Analysis for Zero-Inflated Mediators","A novel mediation analysis approach to address zero-inflated mediators containing true zeros and false zeros. See Jiang et al (2023) ""A Novel Causal Mediation Analysis Approach for Zero-Inflated Mediators"" <arXiv:2301.10064> for more details.",TRUE,TRUE,FALSE
"MBESS","5.0.1","2026-06-04 15:30:08 UTC","The MBESS R Package","Implements methods that are useful in designing research studies and analyzing data, with particular emphasis on methods that are developed for or used within the behavioral, educational, and social sciences (broadly defined). That being said, many of the methods implemented within MBESS are applicable to a wide variety of disciplines. MBESS has a suite of functions for a variety of related topics, such as effect sizes, confidence intervals for effect sizes (including standardized effect sizes and noncentral effect sizes), sample size planning (from the accuracy in parameter estimation [AIPE], power analytic, equivalence, and minimum-risk point estimation perspectives), mediation analysis, various properties of distributions, and a variety of utility functions. MBESS (pronounced 'em-bes') was originally an acronym for 'Methods for the Behavioral, Educational, and Social Sciences,' but MBESS became more general and now contains methods applicable and used in a wide variety of fields and is an orphan acronym, in the sense that what was an acronym is now literally its name. MBESS has greatly benefited from the contributions of many people over the years, who are acknowledged in the package documentation.",FALSE,TRUE,FALSE
"MED","0.1.0","2018-03-22 11:50:15 UTC","Mediation by Tilted Balancing","Nonparametric estimation and inference for natural direct and indirect effects by Chan, Imai, Yam and Zhang (2016) <arXiv:1601.03501>.",TRUE,TRUE,FALSE
"medfit","0.3.2","2026-07-23 17:00:02 UTC","Infrastructure for Mediation Model Fitting and Extraction","Provides S7-based infrastructure for fitting mediation models, extracting path coefficients, and performing bootstrap inference. Designed as a foundation package for the mediation analysis ecosystem, supporting 'probmed', 'RMediation', and 'medrobust' packages. Implements unified interfaces for model fitting across different engines (currently generalized linear models, with future support for mixed models and Bayesian methods), standardized extraction of mediation paths from various model types, and robust bootstrap inference methods. Mediation methods are described in MacKinnon, Lockwood and Williams (2004) <doi:10.1207/s15327906mbr3901_4>, Preacher and Hayes (2008) <doi:10.3758/brm.40.3.879>, Tofighi and MacKinnon (2011) <doi:10.3758/s13428-011-0076-x>, and VanderWeele (2014) <doi:10.1097/EDE.0000000000000121>.",TRUE,TRUE,FALSE
"medflex","0.6-11","2025-10-13 15:30:02 UTC","Flexible Mediation Analysis Using Natural Effect Models","Run flexible mediation analyses using natural effect models as described in Lange, Vansteelandt and Bekaert (2012) <DOI:10.1093/aje/kwr525>, Vansteelandt, Bekaert and Lange (2012) <DOI:10.1515/2161-962X.1014> and Loeys, Moerkerke, De Smet, Buysse, Steen and Vansteelandt (2013) <DOI:10.1080/00273171.2013.832132>.",TRUE,TRUE,TRUE
"mediateP","0.2.0","2022-02-05 00:30:11 UTC","Mediation Analysis Based on the Product Method","Functions for calculating the point and interval estimates of the natural indirect effect (NIE), total effect (TE), and mediation proportion (MP), based on the product approach. We perform the methods considered in Cheng, Spiegelman, and Li (2021) Estimating the natural indirect effect and the mediation proportion via the product method.",TRUE,TRUE,FALSE
"mediation","4.5.1","2025-06-07 23:50:02 UTC","Causal Mediation Analysis","We implement parametric and non parametric mediation analysis. This package performs the methods and suggestions in Imai, Keele and Yamamoto (2010) <DOI:10.1214/10-STS321>, Imai, Keele and Tingley (2010) <DOI:10.1037/a0020761>, Imai, Tingley and Yamamoto (2013) <DOI:10.1111/j.1467-985X.2012.01032.x>, and Imai and Yamamoto (2013) <DOI:10.1093/pan/mps040>. In addition to the estimation of causal mediation effects, the software also allows researchers to conduct sensitivity analysis for certain parametric models.",TRUE,TRUE,TRUE
"mediationsens","0.0.3","2024-03-06 05:00:02 UTC","Simulation-Based Sensitivity Analysis for Causal Mediation Studies","Simulation-based sensitivity analysis for causal mediation studies. It numerically and graphically evaluates the sensitivity of causal mediation analysis results to the presence of unmeasured pretreatment confounding. The proposed method has primary advantages over existing methods. First, using an unmeasured pretreatment confounder conditional associations with the treatment, mediator, and outcome as sensitivity parameters, the method enables users to intuitively assess sensitivity in reference to prior knowledge about the strength of a potential unmeasured pretreatment confounder. Second, the method accurately reflects the influence of unmeasured pretreatment confounding on the efficiency of estimation of the causal effects. Third, the method can be implemented in different causal mediation analysis approaches, including regression-based, simulation-based, and propensity score-based methods. It is applicable to both randomized experiments and observational studies.",TRUE,TRUE,TRUE
"medmod","1.2.0","2026-07-16 04:10:02 UTC","Simple Mediation and Moderation Analysis","This toolbox allows you to do simple mediation and moderation analysis. Models are estimated with the 'lavaan' package by Rosseel (2012) <doi:10.18637/jss.v048.i02>; standard errors for the mediation estimates are computed with the delta method following Sobel (1982) <doi:10.2307/270723> or by bootstrapping. It is also available as a module for 'jamovi' (see <https://www.jamovi.org> for more information). You can find an in depth tutorial on the 'lavaan' model syntax used for this package on <https://lavaan.ugent.be/tutorial/index.html>.",TRUE,TRUE,FALSE
"medScan","1.0.2","2024-03-06 01:00:12 UTC","Large Scale Single Mediator Hypothesis Testing","A collection of methods for large scale single mediator hypothesis testing. The six included methods for testing the mediation effect are Sobel's test, Max P test, joint significance test under the composite null hypothesis, high dimensional mediation testing, divide-aggregate composite null test, and Sobel's test under the composite null hypothesis. Du et al (2023) <doi:10.1002/gepi.22510>.",TRUE,TRUE,FALSE
"MedZIsc","0.0.5","2026-08-28 09:50:43 UTC","Statistical Framework for Co-Mediators of Zero-Inflated Single-Cell Data","A causal mediation framework for single-cell data that incorporates two key features ('MedZIsc', pronounced Magics): (1) zero-inflation using beta regression and (2) overdispersed expression counts using negative binomial regression. This approach also includes a screening step based on penalized and marginal models to handle high-dimensionality. Full methodological details are available in our recent preprint by Ahn S et al. (2025) <doi:10.48550/arXiv.2507.06113>.",TRUE,TRUE,FALSE
"messi","0.1.2","2025-01-09 22:40:02 UTC","Mediation with External Summary Statistic Information","Fits the MESSI, hard constraint, and unconstrained models in Boss et al. (2023) <doi:10.48550/arXiv.2306.17347> for mediation analyses with external summary-level information on the total effect.",TRUE,TRUE,FALSE
"MLFDR","0.1.0","2025-12-01 14:40:27 UTC","High Dimensional Mediation Analysis using Local False Discovery Rates","Implements a high dimensional mediation analysis algorithm using Local False Discovery Rates. The methodology is described in Roy and Zhang (2024) <doi:10.48550/arXiv.2402.13933>.",TRUE,TRUE,FALSE
"mlma","6.3-1","2023-08-29 20:50:02 UTC","Multilevel Mediation Analysis","Do multilevel mediation analysis with generalized additive multilevel models. The analysis method is described in Yu and Li (2020), ""Third-Variable Effect Analysis with Multilevel Additive Models"", PLoS ONE 15(10): e0241072.",TRUE,TRUE,FALSE
"mma","10.8-1","2025-04-30 16:50:02 UTC","Multiple Mediation Analysis","Used for general multiple mediation analysis. The analysis method is described in Yu and Li (2022) (ISBN: 9780367365479) ""Statistical Methods for Mediation, Confounding and Moderation Analysis Using R and SAS"", published by Chapman and Hall/CRC; and Yu et al.(2017) <DOI:10.1016/j.sste.2017.02.001> ""Exploring racial disparity in obesity: a mediation analysis considering geo-coded environmental factors"", published on Spatial and Spatio-temporal Epidemiology, 21, 13-23.",TRUE,TRUE,FALSE
"mmabig","3.2-0","2023-08-29 17:00:02 UTC","Multiple Mediation Analysis for Big Data Sets","Used for general multiple mediation analysis with big data sets.",TRUE,TRUE,FALSE
"moderate.mediation","0.0.12","2025-08-22 12:00:07 UTC","Causal Moderated Mediation Analysis","Causal moderated mediation analysis using the methods proposed by Qin and Wang (2023) <doi:10.3758/s13428-023-02095-4>. Causal moderated mediation analysis is crucial for investigating how, for whom, and where a treatment is effective by assessing the heterogeneity of mediation mechanism across individuals and contexts. This package enables researchers to estimate and test the conditional and moderated mediation effects, assess their sensitivity to unmeasured pre-treatment confounding, and visualize the results. The package is built based on the quasi-Bayesian Monte Carlo method, because it has relatively better performance at small sample sizes, and its running speed is the fastest. The package is applicable to a treatment of any scale, a binary or continuous mediator, a binary or continuous outcome, and one or more moderators of any scale.",TRUE,TRUE,FALSE
"MRmediation","1.0.1","2020-12-17 22:50:16 UTC","A Causal Mediation Method with Methylated Region (MR) as the Mediator","A causal mediation approach under the counterfactual framework to test the significance of total, direct and indirect effects. In this approach, a group of methylated sites from a predefined region are utilized as the mediator, and the functional transformation is used to reduce the possible high dimension in the region-based methylated sites and account for their location information.",TRUE,TRUE,FALSE
"MRTAnalysis","0.4.1","2026-01-24 22:00:02 UTC","Assessing Proximal, Distal, and Mediated Causal Excursion Effects for Micro-Randomized Trials","Provides methods to analyze micro-randomized trials (MRTs) with binary treatment options. Supports four types of analyses: (1) proximal causal excursion effects, including weighted and centered least squares (WCLS) for continuous proximal outcomes by Boruvka et al. (2018) <doi:10.1080/01621459.2017.1305274> and the estimator for marginal excursion effect (EMEE) for binary proximal outcomes by Qian et al. (2021) <doi:10.1093/biomet/asaa070>; (2) distal causal excursion effects (DCEE) for continuous distal outcomes using a two-stage estimator by Qian (2025) <doi:10.1093/biomtc/ujaf134>; (3) mediated causal excursion effects (MCEE) for continuous distal outcomes, estimating natural direct and indirect excursion effects in the presence of time-varying mediators by Qian (2025) <doi:10.48550/arXiv.2506.20027>; and (4) standardized proximal effect size estimation for continuous proximal outcomes, generalizing the approach in Luers et al. (2019) <doi:10.1007/s11121-017-0862-5> to allow adjustment for baseline and time-varying covariates for improved efficiency.",TRUE,TRUE,FALSE
"multilevelmediation","0.5.0","2026-09-07 18:00:02 UTC","Utility Functions for Multilevel Mediation Analysis","The ultimate goal is to support 2-2-1, 2-1-1, and 1-1-1 models for multilevel mediation, the option of a moderating variable for either the a, b, or both paths, and covariates. Currently the 1-1-1 model is supported and several options of random effects; the initial code for bootstrapping was evaluated in simulations by Falk, Vogel, Hammami, and Miočević (2024) <doi:10.3758/s13428-023-02079-4>. Currently only continuous mediators and outcomes are supported. Factors for any predictors must be numerically represented.",TRUE,TRUE,FALSE
"multimedia","0.2.0","2024-09-18 12:30:05 UTC","Multimodal Mediation Analysis","Multimodal mediation analysis is an emerging problem in microbiome data analysis. Multimedia make advanced mediation analysis techniques easy to use, ensuring that all statistical components are transparent and adaptable to specific problem contexts. The package provides a uniform interface to direct and indirect effect estimation, synthetic null hypothesis testing, bootstrap confidence interval construction, and sensitivity analysis. More details are available in Jiang et al. (2024) ""multimedia: Multimodal Mediation Analysis of Microbiome Data"" <doi:10.1101/2024.03.27.587024>.",TRUE,TRUE,FALSE
"multimediate","0.1.6","2026-05-21 07:20:21 UTC","Causal Mediation Analysis in Presence of Multiple Mediators Uncausally Related","Estimates key quantities in causal mediation analysis - including average causal mediation effects (indirect effects), average direct effects, total effects, and proportions mediated - in the presence of multiple uncausally related mediators. Methods are described by Jerolon et al., (2021) <doi:10.1515/ijb-2019-0088> and extended to accommodate survival outcomes as described by Domingo-Relloso et al., (2024) <doi:10.1101/2024.02.16.24302923>.",TRUE,TRUE,FALSE
"MultisiteMediation","0.0.4","2021-09-05 16:00:02 UTC","Causal Mediation Analysis in Multisite Trials","Multisite causal mediation analysis using the methods proposed by Qin and Hong (2017) <doi:10.3102/1076998617694879>, Qin, Hong, Deutsch, and Bein (2019) <doi:10.1111/rssa.12446>, and Qin, Deutsch, and Hong (2021) <doi:10.1002/pam.22268>. It enables causal mediation analysis in multisite trials, in which individuals are assigned to a treatment or a control group at each site. It allows for estimation and hypothesis testing for not only the population average but also the between-site variance of direct and indirect effects transmitted through one single mediator or two concurrent (conditionally independent) mediators. This strategy conveniently relaxes the assumption of no treatment-by-mediator interaction while greatly simplifying the outcome model specification without invoking strong distributional assumptions. This package also provides a function that can further incorporate a sample weight and a nonresponse weight for multisite causal mediation analysis in the presence of complex sample and survey designs and non-random nonresponse, to enhance both the internal validity and external validity. The package also provides a weighting-based balance checking function for assessing the remaining overt bias.",TRUE,TRUE,TRUE
"mvfmr","0.2.0","2026-07-14 07:10:02 UTC","Functional Multivariable Mendelian Randomization","Implements Multivariable Functional Mendelian Randomization (MV-FMR) to estimate time-varying causal effects of multiple longitudinal exposures on health outcomes. Extends univariable functional Mendelian Randomisation (MR) (Tian et al., 2024 <doi:10.1002/sim.10222>) to the multivariable setting, enabling joint estimation of multiple time-varying exposures with pleiotropy and mediation scenarios. Key features include: (1) data-driven cross-validation for basis component selection, (2) handling of mediation pathways between exposures, (3) support for both continuous and binary outcomes using Generalized Method of Moments (GMM) and control function approaches, (4) one-sample and two-sample MR designs, (5) bootstrap inference and instrument diagnostics including Q-statistics for overidentification testing. Methods are described in Fontana et al. (2025) <doi:10.48550/arXiv.2512.19064>.",FALSE,TRUE,FALSE
"mzipmed","1.4.0","2023-07-07 16:30:02 UTC","Mediation using MZIP Model","We implement functions allowing for mediation analysis to be performed in cases where the mediator is a count variable with excess zeroes. First a function is provided allowing users to perform analysis for zero-inflated count variables using the marginalized zero-inflated Poisson (MZIP) model (Long et al. 2014 <DOI:10.1002/sim.6293>). Using the counterfactual approach to mediation and MZIP we can obtain natural direct and indirect effects for the overall population. Using delta method processes variance estimation can be performed instantaneously. Alternatively, bootstrap standard errors can be used. We also provide functions for cases with exposure-mediator interactions with four-way decomposition of total effect.",TRUE,TRUE,FALSE
"netmediate","1.1.1","2026-01-27 14:50:02 UTC","Micro-Macro Analysis for Social Networks","Estimates micro effects on macro structures (MEMS) and average micro mediated effects (AMME). URL: <https://github.com/sduxbury/netmediate>. BugReports: <https://github.com/sduxbury/netmediate/issues>. Robins, Garry, Phillipa Pattison, and Jodie Woolcock (2005) <doi:10.1086/427322>. Snijders, Tom A. B., and Christian E. G. Steglich (2015) <doi:10.1177/0049124113494573>. Imai, Kosuke, Luke Keele, and Dustin Tingley (2010) <doi:10.1037/a0020761>. Duxbury, Scott (2023) <doi:10.1177/00811750231209040>. Duxbury, Scott (2024) <doi:10.1177/00811750231220950>.",FALSE,TRUE,FALSE
"odr","1.8.3","2026-02-11 16:10:03 UTC","Optimal Design and Statistical Power for Experimental Studies Investigating Main, Mediation, and Moderation Effects","Calculate the optimal sample size allocation that uses the minimum resources to achieve targeted statistical power in experiments. Perform power analyses with and without accommodating costs and budget. The designs cover single-level and multilevel experiments detecting main, mediation, and moderation effects (and some combinations). The references for the proposed methods include: (1) Shen, Z., & Kelcey, B. (2020). Optimal sample allocation under unequal costs in cluster-randomized trials. Journal of Educational and Behavioral Statistics, 45(4): 446-474. <doi:10.3102/1076998620912418>. (2) Shen, Z., & Kelcey, B. (2022b). Optimal sample allocation for three-level multisite cluster-randomized trials. Journal of Research on Educational Effectiveness, 15 (1), 130-150. <doi:10.1080/19345747.2021.1953200>. (3) Shen, Z., & Kelcey, B. (2022a). Optimal sample allocation in multisite randomized trials. The Journal of Experimental Education, 90(3), 693-711. <doi:10.1080/00220973.2020.1830361>. (4) Shen, Z., Leite, W., Zhang, H., Quan, J., & Kuang, H. (2025). Using ant colony optimization to identify optimal sample allocations in cluster-randomized trials. The Journal of Experimental Education, 93(1), 167-185. <doi:10.1080/00220973.2024.2306392>. (5) Shen, Z., Li, W., & Leite, W. (in press). Statistical power and optimal design for randomized controlled trials investigating mediation effects. Psychological Methods. <doi:10.1037/met0000698>. (6) Champely, S. (2020). pwr: Basic functions for power analysis (Version 1.3-0) [Software]. Available from <https://CRAN.R-project.org/package=pwr>.",TRUE,TRUE,FALSE
"paths","0.1.2","2025-12-22 17:00:09 UTC","An Imputation Approach to Estimating Path-Specific Causal Effects","In causal mediation analysis with multiple causally ordered mediators, a set of path-specific effects are identified under standard ignorability assumptions. This package implements an imputation approach to estimating these effects along with a set of bias formulas for conducting sensitivity analysis (Zhou and Yamamoto <doi:10.31235/osf.io/2rx6p>). It contains two main functions: paths() for estimating path-specific effects and sens() for conducting sensitivity analysis. Estimation uncertainty is quantified using the nonparametric bootstrap.",FALSE,TRUE,TRUE
"piecewiseSEM","2.3.1","2025-09-02 19:30:02 UTC","Piecewise Structural Equation Modeling","Implements piecewise structural equation modeling from a single list of structural equations, with new methods for non-linear, latent, and composite variables, standardized coefficients, query-based prediction and indirect effects. See <http://jslefche.github.io/piecewiseSEM/> for more.",FALSE,TRUE,FALSE
"portvine","1.0.3","2024-01-18 16:30:02 UTC","Vine Based (Un)Conditional Portfolio Risk Measure Estimation","Following Sommer (2022) <https://mediatum.ub.tum.de/1658240> portfolio level risk estimates (e.g. Value at Risk, Expected Shortfall) are estimated by modeling each asset univariately by an ARMA-GARCH model and then their cross dependence via a Vine Copula model in a rolling window fashion. One can even condition on variables/time series at certain quantile levels to stress test the risk measure estimates.",FALSE,TRUE,FALSE
"power4mome","0.2.1","2026-03-24 05:10:02 UTC","Power Analysis for Moderation and Mediation","Power analysis and sample size determination for moderation, mediation, and moderated mediation in models fitted by structural equation modelling using the 'lavaan' package by Rosseel (2012) <doi:10.18637/jss.v048.i02> or by multiple regression. The package 'manymome' by Cheung and Cheung (2024) <doi:10.3758/s13428-023-02224-z> is used to specify the indirect paths or conditional indirect paths to be tested.",TRUE,TRUE,FALSE
"powerMediation","0.3.4","2021-03-23 14:20:02 UTC","Power/Sample Size Calculation for Mediation Analysis","Functions to calculate power and sample size for testing (1) mediation effects; (2) the slope in a simple linear regression; (3) odds ratio in a simple logistic regression; (4) mean change for longitudinal study with 2 time points; (5) interaction effect in 2-way ANOVA; and (6) the slope in a simple Poisson regression.",TRUE,TRUE,FALSE
"psych","2.6.9","2026-09-30 15:50:02 UTC","Procedures for Psychological, Psychometric, and Personality Research","A general purpose toolbox developed originally for personality, psychometric theory and experimental psychology. Functions are primarily for multivariate analysis and scale construction using factor analysis, principal component analysis, cluster analysis and reliability analysis, although others provide basic descriptive statistics. Item Response Theory is done using factor analysis of tetrachoric and polychoric correlations. Functions for analyzing data at multiple levels include within and between group statistics, including correlations and factor analysis. Validation and cross validation of scales developed using basic machine learning algorithms are provided, as are functions for simulating and testing particular item and test structures. Several functions serve as a useful front end for structural equation modeling. Graphical displays of path diagrams, including mediation models, factor analysis and structural equation models are created using basic graphics. Some of the functions are written to support a book on psychometric theory as well as publications in personality research. For more information, see the <https://personality-project.org/r/> web page.",FALSE,TRUE,FALSE
"purging","1.0.0","2018-03-21 09:59:03 UTC","Simple Method for Purging Mediation Effects among Independent Variables","Simple method of purging independent variables of mediating effects. First, regress the direct variable on the indirect variable. Then, used the stored residuals as the new purged (direct) variable in the updated specification. This purging process allows for use of a new direct variable uncorrelated with the indirect variable. Please cite the method and/or package using Waggoner, Philip D. (2018) <doi:10.1177/1532673X18759644>.",TRUE,TRUE,FALSE
"pwr2ppl","0.6.0","2026-01-27 06:40:02 UTC","Power Analyses for Common Designs (Power to the People)","Statistical power analysis for designs including t-tests, correlations, multiple regression, ANOVA, mediation, and logistic regression. Functions accompany Aberson (2019) <doi:10.4324/9781315171500>.",FALSE,TRUE,FALSE
"QuantPsyc","1.6","2022-06-03 21:50:04 UTC","Quantitative Psychology Tools","Contains tools useful for data screening, testing moderation (Cohen et. al. 2003)<doi:10.4324/9780203774441>, mediation (MacKinnon et. al. 2002)<doi:10.1037/1082-989x.7.1.83> and estimating power (Murphy & Myors 2014)<ISBN:9781315773155>.",FALSE,TRUE,FALSE
"RAMpath","0.5.1","2023-08-27 13:30:02 UTC","Structural Equation Modeling Using the Reticular Action Model (RAM) Notation","We rewrite of RAMpath software developed by John McArdle and Steven Boker as an R package. In addition to performing regular SEM analysis through the R package lavaan, RAMpath has unique features. First, it can generate path diagrams according to a given model. Second, it can display path tracing rules through path diagrams and decompose total effects into their respective direct and indirect effects as well as decompose variance and covariance into individual bridges. Furthermore, RAMpath can fit dynamic system models automatically based on latent change scores and generate vector field plots based upon results obtained from a bivariate dynamic system. Starting version 0.4, RAMpath can conduct power analysis for both univariate and bivariate latent change score models.",FALSE,TRUE,FALSE
"rbw","0.3.2","2022-03-01 18:10:10 UTC","Residual Balancing Weights for Marginal Structural Models","Residual balancing is a robust method of constructing weights for marginal structural models, which can be used to estimate (a) the average treatment effect in a cross-sectional observational study, (b) controlled direct/mediator effects in causal mediation analysis, and (c) the effects of time-varying treatments in panel data (Zhou and Wodtke 2020 <doi:10.1017/pan.2020.2>). This package provides three functions, rbwPoint(), rbwMed(), and rbwPanel(), that produce residual balancing weights for estimating (a), (b), (c), respectively.",FALSE,TRUE,FALSE
"regmed","2.1.5","2025-08-28 20:10:11 UTC","Regularized Mediation Analysis","Mediation analysis for multiple mediators by penalized structural equation models with different types of penalties depending on whether there are multiple mediators and only one exposure and one outcome variable (using sparse group lasso) or multiple exposures, multiple mediators, and multiple outcome variables (using lasso, L1, penalties).",TRUE,TRUE,FALSE
"regmedint","1.0.2","2026-03-06 08:00:02 UTC","Regression-Based Causal Mediation Analysis with Interaction and Effect Modification Terms","This is an extension of the regression-based causal mediation analysis first proposed by Valeri and VanderWeele (2013) <doi:10.1037/a0031034> and Valeri and VanderWeele (2015) <doi:10.1097/EDE.0000000000000253>). It supports including effect measure modification by covariates(treatment-covariate and mediator-covariate product terms in mediator and outcome regression models) as proposed by Li et al (2023) <doi:10.1097/EDE.0000000000001643>. It also accommodates the original 'SAS' macro and 'PROC CAUSALMED' procedure in 'SAS' when there is no effect measure modification. Linear and logistic models are supported for the mediator model. Linear, logistic, loglinear, Poisson, negative binomial, Cox, and accelerated failure time (exponential and Weibull) models are supported for the outcome model.",TRUE,TRUE,TRUE
"regsem","1.9.5","2023-06-02 09:00:02 UTC","Regularized Structural Equation Modeling","Uses both ridge and lasso penalties (and extensions) to penalize specific parameters in structural equation models. The package offers additional cost functions, cross validation, and other extensions beyond traditional structural equation models. Also contains a function to perform exploratory mediation (XMed).",FALSE,TRUE,FALSE
"ria.test","0.3.0","2026-09-15 00:20:02 UTC","Testing Equality of Natural Mediation Effects and Their Randomized Interventional Analogues","Implements the empirical test introduced by Yu, Ge, and Elwert (2026) for detecting when randomized interventional analogues should not be interpreted as natural mediation effects. The package estimates natural effects, their randomized interventional analogues, and TE - TE^R, the difference between the total effect and its randomized interventional analogue. Rejecting TE - TE^R = 0 falsifies the composite null that the natural indirect and direct effects equal their randomized interventional analogues. The procedure remains valid in settings where the natural effects themselves are not identified, and |TE - TE^R| provides a lower bound on the total divergence between the natural and randomized interventional decompositions.",TRUE,TRUE,FALSE
"rise","1.0.4","2018-10-04 17:50:03 UTC","Conduct RISE Analysis","Implements techniques for educational resource inspection, selection, and evaluation (RISE) described in Bodily, Nyland, and Wiley (2017) <doi:10.19173/irrodl.v18i2.2952>. Automates the process of identifying learning materials that are not effectively supporting student learning in technology-mediated courses by synthesizing information about access to course content and performance on assessments.",FALSE,TRUE,FALSE
"RMediation","1.6.1","2026-07-21 23:40:02 UTC","Mediation Analysis Confidence Intervals","Computes confidence intervals for nonlinear functions of model parameters (e.g., product of k coefficients) in single-level and multilevel structural equation models. Methods include the distribution of the product, Monte Carlo simulation, and bootstrap methods. It also performs the Model-Based Constrained Optimization (MBCO) procedure for hypothesis testing of indirect effects. References: Tofighi, D., and MacKinnon, D. P. (2011). RMediation: An R package for mediation analysis confidence intervals. Behavior Research Methods, 43, 692-700. <doi:10.3758/s13428-011-0076-x>; Tofighi, D., and Kelley, K. (2020). Improved inference in mediation analysis: Introducing the model-based constrained optimization procedure. Psychological Methods, 25(4), 496-515. <doi:10.1037/met0000259>; Tofighi, D. (2020). Bootstrap Model-Based Constrained Optimization Tests of Indirect Effects. Frontiers in Psychology, 10, 2989. <doi:10.3389/fpsyg.2019.02989>.",TRUE,TRUE,FALSE
"rmedsem","1.1.0","2026-09-16 07:30:02 UTC","Statistical Mediation Analysis for SEMs","Conducts mediation analysis for structural equation models (SEM) estimated with 'lavaan', 'blavaan', 'cSEM', or 'modsem'. Implements the Baron and Kenny (1986) <doi:10.1037/0022-3514.51.6.1173> and Zhao, Lynch & Chen (2010) <doi:10.1086/651257> approaches to determine the presence and type of mediation. Supports covariance-based SEM, partial least squares SEM, Bayesian SEM, and moderated mediation and mediated moderation models. Tests indirect effects with the Sobel, Delta, Monte-Carlo, and bootstrap methods or, for Bayesian models, with posterior summaries and equal-tailed or highest density credible intervals. Reports the effect size measures RIT, RID, and Upsilon of Lachowicz, Preacher and Kelley (2018) <doi:10.1037/met0000165>. Results can be summarized, extracted with standard methods such as summary(), coef() and confint(), and plotted.",TRUE,TRUE,FALSE
"rmpw","0.0.6","2025-11-17 16:10:02 UTC","Causal Mediation Analysis Using Weighting Approach","We implement causal mediation analysis using the methods proposed by Hong (2010) and Hong, Deutsch & Hill (2015) <doi:10.3102/1076998615583902>. It allows the estimation and hypothesis testing of causal mediation effects through ratio of mediator probability weights (RMPW). This strategy conveniently relaxes the assumption of no treatment-by-mediator interaction while greatly simplifying the outcome model specification without invoking strong distributional assumptions. We also implement a sensitivity analysis by extending the RMPW method to assess potential bias in the presence of omitted pretreatment or posttreatment covariates. The sensitivity analysis strategy was proposed by Hong, Qin, and Yang (2018) <doi:10.3102/1076998617749561>.",TRUE,TRUE,TRUE
"robmed","1.3.0","2025-12-09 06:10:13 UTC","(Robust) Mediation Analysis","Perform mediation analysis via the fast-and-robust bootstrap test ROBMED (Alfons, Ates & Groenen, 2022a; <doi:10.1177/1094428121999096>), as well as various other methods. Details on the implementation and code examples can be found in Alfons, Ates, and Groenen (2022b) <doi:10.18637/jss.v103.i13>. Further discussion on robust mediation analysis can be found in Alfons & Schley (2025) <doi:10.1002/wics.70051>.",TRUE,TRUE,FALSE
"robmedExtra","0.1.1","2024-11-03 12:10:01 UTC","Extra Functionality for (Robust) Mediation Analysis","This companion package extends the package 'robmed' (Alfons, Ates & Groenen, 2022b; <doi:10.18637/jss.v103.i13>) in various ways. Most notably, it provides a graphical user interface for the robust bootstrap test ROBMED (Alfons, Ates & Groenen, 2022a; <doi:10.1177/1094428121999096>) to make the method more accessible to less proficient 'R' users, as well as functions to export the results as a table in a 'Microsoft Word' or 'Microsoft Powerpoint' document, or as a 'LaTeX' table. Furthermore, the package contains a 'shiny' app to compare various bootstrap procedures for mediation analysis on simulated data.",TRUE,TRUE,FALSE
"RobustMediate","0.1.1","2026-04-16 09:12:11 UTC","Causal Mediation Analysis with Diagnostics and Sensitivity Analysis","Provides tools for causal mediation analysis with continuous treatments using inverse probability weighting (IPW). Estimates natural direct and indirect effects over a user-defined treatment grid and supports flexible dose-response mediation analysis. Includes diagnostic procedures for assessing covariate balance in both treatment and mediator models using standardized mean differences. Implements pathway-specific extensions of the impact threshold for a confounding variable (ITCV; Frank, 2000 <doi:10.1177/0049124100029002001>) adapted to mediation settings. Provides joint sensitivity analysis combining E-values (VanderWeele and Ding, 2017 <doi:10.7326/M16-2607>) and violations of sequential ignorability (Imai, Keele, and Yamamoto, 2010 <doi:10.1214/10-STS321>). Additional utilities include visualization of dose-response mediation functions, robustness profiles, fragility summaries, and formatted outputs for applied research. Supports clustered data structures and multiple outcome families.",TRUE,TRUE,FALSE
"RsqMed","1.1","2023-11-14 17:20:12 UTC","Total Mediation Effect Size Measure for High-Dimensional Mediators","An implementation of calculating the R-squared measure as a total mediation effect size measure and its confidence interval for moderate- or high-dimensional mediator models. It gives an option to filter out non-mediators using variable selection methods. The original R package is directly related to the paper Yang et al (2021) ""Estimation of mediation effect for high-dimensional omics mediators with application to the Framingham Heart Study"" <doi:10.1101/774877>. The new version contains a choice of using cross-fitting, which is computationally faster. The details of the cross-fitting method are available in the paper Xu et al (2023) ""Speeding up interval estimation for R2-based mediation effect of high-dimensional mediators via cross-fitting"" <doi:10.1101/2023.02.06.527391>.",TRUE,TRUE,FALSE
"seminrExtras","1.0.3","2026-08-19 22:50:03 UTC","Conduct Additional Modeling and Analysis for 'seminr'","Supplementary tools for evaluating and validating partial least squares structural equation models estimated with 'seminr'. Provides methods for predictive model assessment, importance-performance analysis with necessary condition testing, overfitting diagnostics, measurement model verification, mediator contribution analysis, unobserved heterogeneity detection via latent class and prediction-oriented segmentation, and congruence coefficient testing. All functions accept estimated 'seminr' model objects and return results with print, summary, and plot methods.",FALSE,TRUE,FALSE
"sensmediation","0.3.1","2024-09-26 22:20:02 UTC","Parametric Estimation and Sensitivity Analysis of Direct and Indirect Effects","We implement functions to estimate and perform sensitivity analysis to unobserved confounding of direct and indirect effects introduced in Lindmark, de Luna and Eriksson (2018) <doi:10.1002/sim.7620> and Lindmark (2022) <doi:10.1007/s10260-021-00611-4>. The estimation and sensitivity analysis are parametric, based on probit and/or linear regression models. Sensitivity analysis is implemented for unobserved confounding of the exposure-mediator, mediator-outcome and exposure-outcome relationships.",TRUE,TRUE,FALSE
"SeqKat","0.0.9","2026-01-24 00:20:01 UTC","Detection of Kataegis","Kataegis is a localized hypermutation occurring when a region is enriched in somatic SNVs. Kataegis can result from multiple cytosine deaminations catalyzed by the AID/APOBEC family of proteins. This package contains functions to detect kataegis from SNVs in BED format. This package reports two scores per kataegic event, a hypermutation score and an APOBEC mediated kataegic score. Yousif, F. et al.; The Origins and Consequences of Localized and Global Somatic Hypermutation; Biorxiv 2018 <doi:10.1101/287839>.",FALSE,TRUE,FALSE
"silp","1.0.3","2025-04-06 14:00:01 UTC","Conditional Process Analysis (CPA) via SEM Approach","Utilizes the Reliability-Adjusted Product Indicator (RAPI) method to estimate effects among latent variables, thus allowing for more precise definition and analysis of mediation and moderation models. Our simulation studies reveal that while 'silp' may exhibit instability with smaller sample sizes and lower reliability scores (e.g., N = 100, 'omega' = 0.7), implementing nearest positive definite matrix correction and bootstrap confidence interval estimation can significantly ameliorate this volatility. When these adjustments are applied, 'silp' achieves estimations akin in quality to those derived from LMS. In conclusion, the 'silp' package is a valuable tool for researchers seeking to explore complex relational structures between variables without resorting to commercial software. Cheung et al.(2021)<doi:10.1007/s10869-020-09717-0> Hsiao et al.(2018)<doi:10.1177/0013164416679877>.",FALSE,TRUE,FALSE
"SMAHP","0.0.5","2025-03-24 12:00:12 UTC","Survival Mediation Analysis of High-Dimensional Proteogenomic Data","SMAHP (pronounced as SOO-MAP) is a novel multi-omics framework for causal mediation analysis of high-dimensional proteogenomic data with survival outcomes. The full methodological details can be found in our recent preprint by Ahn S et al. (2025) <doi:10.48550/arXiv.2503.08606>.",TRUE,TRUE,FALSE
"SMUT","1.1","2019-09-24 04:40:08 UTC","Multi-SNP Mediation Intersection-Union Test","Testing the mediation effect of multiple SNPs on an outcome through a mediator.",TRUE,TRUE,FALSE
"Spower","0.6.4","2026-06-18 02:50:02 UTC","Power Analyses using Monte Carlo Simulations","Provides a general purpose simulation-based power analysis API for routine and customized simulation experimental designs. The package focuses exclusively on Monte Carlo simulation experiment variants of (expected) prospective power analyses, criterion analyses, compromise analyses, sensitivity analyses, and a priori/post-hoc analyses. The default simulation experiment functions defined within the package provide stochastic variants of the power analysis subroutines in G*Power 3.1 (Faul, Erdfelder, Buchner, and Lang, 2009) <doi:10.3758/brm.41.4.1149>, along with various other parametric and non-parametric power analysis applications (e.g., mediation analyses) and support for Bayesian power analysis by way of Bayes factors or posterior probability evaluations. Additional functions for building empirical power curves, reanalyzing simulation information, and for increasing the precision of the resulting power estimates are also included, each of which utilize similar API structures. For further details see the associated publication in Chalmers (2025) <doi:10.3758/s13428-025-02787-z>.",FALSE,TRUE,FALSE
"SRMERS","0.1.1","2026-01-13 18:30:07 UTC","Semi-Parametric Shape-Restricted Fixed/Mixed Effect(s) Regression Spline","Select the most suitable shape to describe the relationship between the exposure and the outcome among increasing, decreasing, convex, and concave shapes (Yin et al. (2021) <DOI:10.1007/s13571-020-00246-7>); estimate the direct and indirect effects with prior knowledge on the relationship between the mediator and the outcome with binary exposure (Yin et al. (2024) <DOI:10.1007/s13571-024-00336-w>); estimate the direct and indirect effects using linear regression-based approach (VanderWeele (2015, ISBN:9780199325870)).",FALSE,TRUE,FALSE
"statfidelity","0.1.0","2026-09-03 12:10:08 UTC","Audit Statistical Fidelity of AI-Mediated Official Statistics","Provides deterministic tools for auditing whether artificial intelligence systems preserve the numerical, semantic, contextual, temporal, geographic, unit, provenance, revision, transformation, and uncertainty properties of official statistics. Structured reference statistics and machine-generated claims can be compared with non-compensatory critical-error rules, weakest-link and geometric fidelity summaries, provenance graphs, and portable SHA-256 proof bundles. The package also provides bounded connectors for official Eurostat, World Bank, OECD, United Nations SDG, United Kingdom Office for National Statistics, and United States Bureau of Labor Statistics application programming interfaces, plus an extensible HTTPS JSON API registry with session-only API-key support. Prompt perturbation, statistical red-team generation, minimal-pair tests, and starter benchmark data support reproducible evaluation of generative, retrieval-augmented, and agentic statistical systems. An embedded alignment layer maps claim-level controls to relevant activities of the Generic Statistical Business Process Model (GSBPM) 5.2, including Analyse, Disseminate, Evaluate, Quality Management, and Metadata Management. No specific model provider is required.",TRUE,FALSE,FALSE
"tmle","2.1.1","2025-08-30 15:10:02 UTC","Targeted Maximum Likelihood Estimation","Targeted maximum likelihood estimation of point treatment effects (Targeted Maximum Likelihood Learning, The International Journal of Biostatistics, 2(1), 2006. This version automatically estimates the additive treatment effect among the treated (ATT) and among the controls (ATC). The tmle() function calculates the adjusted marginal difference in mean outcome associated with a binary point treatment, for continuous or binary outcomes. Relative risk and odds ratio estimates are also reported for binary outcomes. Missingness in the outcome is allowed, but not in treatment assignment or baseline covariate values. The population mean is calculated when there is missingness, and no variation in the treatment assignment. The tmleMSM() function estimates the parameters of a marginal structural model for a binary point treatment effect. Effect estimation stratified by a binary mediating variable is also available. An ID argument can be used to identify repeated measures. Default settings call 'SuperLearner' to estimate the Q and g portions of the likelihood, unless values or a user-supplied regression function are passed in as arguments.",FALSE,TRUE,FALSE
"TransHDM","1.1.3","2026-08-20 22:52:14 UTC","High-Dimensional Mediation Analysis via Transfer Learning","Provides a framework for high-dimensional mediation analysis using transfer learning. The main function TransHDM() integrates large-scale source data to improve the detection power of potential mediators in small-sample target studies. It addresses data heterogeneity via transfer regularization and debiased estimation while controlling the false discovery rate. The package also includes utilities for data generation (gen_simData_homo(), gen_simData_hetero()), baseline methods such as lasso() and dblasso(), sure independence screening via SIS(), and model diagnostics through source_detection(). The methodology is described in Pan et al. (2025) <doi:10.1093/bib/bbaf460>.",TRUE,TRUE,FALSE
"tvmediation","1.1.1","2026-03-30 20:50:02 UTC","Time Varying Mediation Analysis","Provides functions for estimating mediation effects that vary over time as described in Cai X, Coffman DL, Piper ME, Li R. Estimation and inference for the mediation effect in a time-varying mediation model. BMC Med Res Methodol. 2022;22(1):1-12.",TRUE,TRUE,FALSE
"twangMediation","1.2.1","2025-11-16 08:20:02 UTC","Twang Causal Mediation Modeling via Weighting","Provides functions for estimating natural direct and indirect effects for mediation analysis. It uses weighting where the weights are functions of estimates of the probability of exposure or treatment assignment (Hong, G (2010). <https://cepa.stanford.edu/sites/default/files/workshops/GH_JSM%20Proceedings%202010.pdf> Huber, M. (2014). <doi:10.1002/jae.2341>). Estimation of probabilities can use generalized boosting or logistic regression. Additional functions provide diagnostics of the model fit and weights. The vignette provides details and examples.",TRUE,TRUE,TRUE
"UKBAnalytica","1.0.0","2026-06-30 11:00:07 UTC","UK Biobank Data Processing and Survival Analysis Toolkit","Provides an integrated workflow for UK Biobank Research Analysis Platform (RAP) hosted and RAP-generated analysis tables. The package supports RAP phenotype extraction planning, predefined variable sets and disease definitions, standardized baseline preprocessing, multi-source endpoint ascertainment, prevalent and incident case classification, survival-ready cohort construction, regression, multiple imputation, propensity score analysis, mediation analysis, subgroup and sensitivity analyses, machine learning, proteomics enrichment and protein-protein interaction analysis, and publication-oriented visualization. The package workflow is described in He et al. (2026) <doi:10.64898/2026.06.19.26356057>.",FALSE,TRUE,FALSE
"unvs.med","1.1.2","2026-08-23 06:30:02 UTC","A Universal Approach for Causal Mediation Analysis","This program realizes a universal estimation approach that accommodates multi-category variables and effect scales, making up for the deficiencies of the existing approaches when dealing with non-binary exposures and complex models. The estimation via bootstrapping can simultaneously provide results of causal mediation on risk difference (RD), odds ratio (OR) and risk ratio (RR) scales with tests of the effects' difference. The estimation is also applicable to many other settings, e.g., moderated mediation, inconsistent covariates, panel data, etc. The high flexibility and compatibility make it possible to apply for any type of model, greatly meeting the needs of current empirical researches.",TRUE,TRUE,FALSE
"vaccine","1.4.0","2026-07-05 13:40:02 UTC","Statistical Tools for Immune Correlates Analysis of Vaccine Clinical Trial Data","Various semiparametric and nonparametric statistical tools for immune correlates analysis of vaccine clinical trial data. This includes calculation of summary statistics and estimation of risk, vaccine efficacy, controlled effects (controlled risk and controlled vaccine efficacy), and mediation effects (natural direct effect, natural indirect effect, proportion mediated). See Gilbert P, Fong Y, Kenny A, and Carone, M (2022) <doi:10.1093/biostatistics/kxac024> and Fay MP and Follmann DA (2023) <doi:10.48550/arXiv.2208.06465>.",FALSE,TRUE,FALSE
"WebPower","0.9.4","2023-10-13 20:20:02 UTC","Basic and Advanced Statistical Power Analysis","This is a collection of tools for conducting both basic and advanced statistical power analysis including correlation, proportion, t-test, one-way ANOVA, two-way ANOVA, linear regression, logistic regression, Poisson regression, mediation analysis, longitudinal data analysis, structural equation modeling and multilevel modeling. It also serves as the engine for conducting power analysis online at <https://webpower.psychstat.org>.",FALSE,TRUE,FALSE
"wqrr","1.0.0","2026-06-08 15:00:02 UTC","Wavelet Quantile Regression Toolbox","A comprehensive toolbox for wavelet-domain quantile analyses of bivariate and multivariate time series. Provides Wavelet Quantile Regression and Multivariate Wavelet Quantile Regression after Adebayo and Ozkan (2024) <doi:10.1016/j.jclepro.2024.140832>, Wavelet Quantile-on-Quantile regression with bootstrap p-values extending Sim and Zhou (2015) <doi:10.1016/j.jbankfin.2015.01.013>, the nonparametric Causality-in-Quantiles test of Balcilar, Gupta and Pierdzioch (2016) <doi:10.1016/j.resourpol.2016.04.004> together with its wavelet variant, Wavelet Quantile Mediation and Moderation, Wavelet Quantile Correlation, and a wavelet-based nonparametric Quantile Density estimator. The Maximal Overlap Discrete Wavelet Transform (MODWT) decomposition is performed via 'waveslim' and Short / Medium / Long band aggregation is supported throughout. For plain Quantile-on-Quantile regression see the companion CRAN package 'QuantileOnQuantile'. All interactive 3D surfaces, heatmaps and contour plots default to the 'MATLAB' 'Parula' colour map.",FALSE,TRUE,FALSE
"WRS2","1.1-7","2025-05-22 05:25:05 UTC","A Collection of Robust Statistical Methods","A collection of robust statistical methods based on Wilcox' WRS functions. It implements robust t-tests (independent and dependent samples), robust ANOVA (including between-within subject designs), quantile ANOVA, robust correlation, robust mediation, and nonparametric ANCOVA models based on robust location measures.",FALSE,TRUE,FALSE
"wsMed","1.1.0","2026-09-18 04:40:02 UTC","Within-Subject Mediation Analysis Using Structural Equation Modeling","Within-subject mediation analysis using structural equation modeling. Examine how changes in an outcome variable between two conditions are mediated through one or more variables. Supports within-subject mediation analysis using the 'lavaan' package by Rosseel (2012) <doi:10.18637/jss.v048.i02>, and extends Monte Carlo confidence interval estimation to missing data scenarios using the 'semmcci' package by Pesigan and Cheung (2023) <doi:10.3758/s13428-023-02114-4>.",TRUE,TRUE,FALSE
